﻿code,name,country,lat,lng,services_domestic,accessible_countries
TNCA,REINA BEATRIX INTERNATIONAL,AW,12.501,-70.015,0,AW
PKMJ,MARSHALL ISLANDS INTERNATIONAL,MH,7.065,171.272,0,MH
MWCR,OWEN ROBERTS INTERNATIONAL,KY,19.293,-81.357,0,KY
VRMM,MALE INTERNATIONAL,MV,4.192,73.529,0,MV
TBPB,GRANTLEY ADAMS INTERNATIONAL,BB,13.074,-59.492,0,BB
WSSS,SINGAPORE CHANGI,SG,1.356,103.987,0,SG
NGTA,BONRIKI INTERNATIONAL,KI,1.381,173.147,0,KI
NSTU,PAGO PAGO INTERNATIONAL,WS,-14.331,-170.71,0,WS
TJSJ,LUIS MUNOZ MARIN INTERNATIONAL,PR,18.439,-66.002,0,PR
LCLK,LARNACA,CY,34.875,33.625,0,CY
LCPH,PAPHOS INTERNATIONAL,CY,34.718,32.486,0,CY
MYNN,NASSAU INTERNATIONAL,BS,25.039,-77.466,0,BS
GBYD,BANJUL INTERNATIONAL,GM,13.338,-16.652,0,GM
OLBA,BEIRUT INTERNATIONAL,LB,33.813,35.489,0,LB
MKJP,NORMAN MANLEY INTERNATIONAL,JM,17.936,-76.787,0,JM
MKJS,SANGSTER INTERNATIONAL,JM,18.504,-77.913,0,JM
MKKJ,KEN JONES,JM,18.199,-76.534,0,JM
OTBD,DOHA INTERNATIONAL,QA,25.261,51.565,0,QA
NVVV,PORT VILA BAUERFIELD,VU,-17.699,168.32,0,VU
NWWD,KONE,NC,-21.053,164.838,0,NC
LJMB,MARIBOR,SI,46.48,15.686,0,SI
MSLP,EL SALVADOR INTERNATIONAL,SV,13.441,-89.056,0,SV
LLHA,HAIFA,IL,32.811,35.044,0,IL
LLJR,JERUSALEM/ATAROT,IL,31.867,35.217,0,IL
MZBZ,PHILIP S W GOLDSON INTERNATIONAL,BZ,17.539,-88.308,0,BZ
HRYR,KIGALI INTERNATIONAL,RW,-1.969,30.139,0,RW
HBBA,BUJUMBURA INTERNATIONAL,BI,-3.324,29.318,0,BI
LATI,TIRANA RINAS,AL,41.415,19.721,0,AL
MTPP,PORT AU PRINCE INTERNATIONAL,HT,18.58,-72.293,0,HT
FGBT,BATA,GQ,1.905,9.806,0,GQ
FGSL,MALABO,GQ,3.755,8.709,0,GQ
EBAW,DEURNE,BE,51.19,4.463,0,BE
EBBR,BRUSSELS NATL,BE,50.902,4.499,0,BE
EBCI,BRUSSELS SOUTH,BE,50.459,4.454,0,BE
EBLG,LIEGE,BE,50.637,5.443,0,BE
FXMM,MOSHOESHOE I INTERNATIONAL,LS,-29.462,27.553,0,LS
EHAM,SCHIPHOL,NL,52.309,4.764,0,NL
EHEH,EINDHOVEN,NL,51.45,5.374,0,NL
EHGG,EELDE,NL,53.119,6.579,0,NL
EHLW,LEEUWARDEN,NL,53.229,5.761,0,NL
EHBK,MAASTRICHT,NL,50.911,5.77,0,NL
EHRD,ROTTERDAM,NL,51.957,4.442,0,NL
RCKU,CHIAYI,TW,23.462,120.393,0,TW
RCYU,HUALIEN,TW,24.023,121.618,0,TW
RCKH,KAOHSIUNG INTERNATIONAL,TW,22.575,120.351,0,TW
RCDC,PINGTUNG SOUTH,TW,22.672,120.462,0,TW
RCNN,TAINAN,TW,22.95,120.206,0,TW
RCTP,CHIANG KAI SHEK INTERNATIONAL,TW,25.08,121.232,0,TW
VQPR,PARO,BT,27.403,89.426,0,BT
LSZB,BERN BELP,CH,46.914,7.497,0,CH
LSGG,GENEVA COINTRIN,CH,46.238,6.109,0,CH
LSZH,ZURICH,CH,47.465,8.549,0,CH
EKYT,AALBORG,DK,57.093,9.849,0,DK
EKAH,AARHUS,DK,56.304,10.619,0,DK
EKCH,KASTRUP,DK,55.618,12.656,0,DK
EKEB,ESBJERG,DK,55.526,8.553,0,DK
EKOD,ODENSE,DK,55.476,10.329,0,DK
LZIB,M R STEFANIK,SK,48.17,17.212,0,SK
LZKZ,KOSICE,SK,48.663,21.241,0,SK
MDBH,MARIA MONTEZ INTERNATIONAL,DO,18.251,-71.12,0,DO
MDLR,LA ROMANA INTERNATIONAL,DO,18.452,-68.912,0,DO
MDPP,GREGORIO LUPERON INTERNATIONAL,DO,19.757,-70.57,0,DO
MDST,CIBAO INTERNATIONAL,DO,19.409,-70.616,0,DO
MDSD,LAS AMERICAS INTERNATIONAL,DO,18.429,-69.669,0,DO
MRLB,DANIEL ODUBER QUIROS INTERNATIONAL,CR,10.593,-85.544,0,CR
DXXX,LOME TOKOIN,TG,6.166,1.254,0,TG
LDDU,DUBROVNIK,HR,42.561,18.268,0,HR
LDOS,OSIJEK,HR,45.463,18.811,0,HR
LDPL,PULA,HR,44.893,13.922,0,HR
LDRI,RIJEKA,HR,45.217,14.57,0,HR
LDSP,SPLIT,HR,43.539,16.298,0,HR
LDZD,ZADAR,HR,44.108,15.347,0,HR
LDZA,ZAGREB,HR,45.743,16.069,0,HR
VCBI,BANDARANAIKE INTERNATIONAL,LK,7.181,79.884,0,LK
VCCJ,KANKESANTURAI,LK,9.792,80.07,0,LK
EICK,CORK,IE,51.843,-8.492,0,IE
EIDW,DUBLIN,IE,53.421,-6.27,0,IE
EICM,GALWAY,IE,53.301,-8.939,0,IE
EISG,SLIGO,IE,54.28,-8.599,0,IE
EIWF,WATERFORD,IE,52.187,-7.087,0,IE
UGGG,LOCHINI,GE,41.669,44.955,0,GE
GFLL,FREETOWN LUNGI,SL,8.616,-13.195,0,SL
MPBO,BOCAS DEL TORO,PA,9.341,-82.251,0,PA
MPDA,ENRIQUE MALEK INTERNATIONAL,PA,8.391,-82.435,0,PA
MPTO,TOCUMEN INTERNATIONAL,PA,9.071,-79.383,0,PA
LOWG,GRAZ MIL/CIV,AT,47,15.433,0,AT
LOWI,INNSBRUCK,AT,47.26,11.344,0,AT
LOWK,KLAGENFURT(AUS-AFB),AT,46.65,14.333,0,AT
LOWL,HORSCHING INTERNATIONAL AIRPORT (AUS - AFB),AT,48.233,14.183,0,AT
LOWS,SALZBURG,AT,47.793,13.004,0,AT
LOWW,SCHWECHAT,AT,48.11,16.57,0,AT
OMAA,ABU DHABI INTERNATIONAL,AE,24.433,54.651,0,AE
OMDB,DUBAI INTERNATIONAL,AE,25.255,55.364,0,AE
OMSJ,SHARJAH INTERNATIONAL,AE,25.328,55.517,0,AE
OJAI,QUEEN ALIA INTERNATIONAL,JO,31.722,35.993,0,JO
LHBP,FERIHEGY,HU,47.437,19.256,0,HU
LHDC,DEBRECEN,HU,47.489,21.615,0,HU
LPPT,LISBOA,PT,38.781,-9.136,0,PT
FWCL,CHILEKA INTERNATIONAL,MW,-15.679,34.974,0,MW
FWKA,KARONGA,MW,-9.953,33.893,0,MW
GLRB,MONROVIA ROBERTS INTERNATIONAL,LR,6.234,-10.362,0,LR
BIHU,HUSAVIK,IS,65.952,-17.426,0,IS
BIRK,REYKJAVIK,IS,64.13,-21.941,0,IS
MUBY,CARLOS MANUEL DE CESPEDES,CU,20.396,-76.621,0,CU
MUCM,IGNACIO AGRAMONTE INTERNATIONAL,CU,21.42,-77.847,0,CU
MUCA,MAXIMO GOMEZ,CU,22.027,-78.789,0,CU
MUCF,JAIME GONZALEZ,CU,22.15,-80.414,0,CU
MUGT,MARIANA GRAJALES,CU,20.085,-75.158,0,CU
MUHA,JOSE MARTI INTERNATIONAL,CU,22.989,-82.409,0,CU
MUHG,FRANK PAIS,CU,20.786,-76.315,0,CU
MUVT,HERMANOS AMEIJEIRAS,CU,20.988,-76.936,0,CU
MUMZ,SIERRA MAESTRA,CU,20.288,-77.089,0,CU
MUNG,RAFAEL PEREZ,CU,21.835,-82.784,0,CU
MUSC,ABEL SANTAMARIA,CU,22.492,-79.944,0,CU
MUCU,ANTONIO MACEO INTERNATIONAL,CU,19.97,-75.836,0,CU
MGCB,COBAN,GT,15.469,-90.407,0,GT
MGGT,LA AURORA,GT,14.583,-90.528,0,GT
LBPD,PLOVDIV,BG,42.068,24.851,0,BG
LBSF,SOFIA,BG,42.695,23.406,0,BG
LBWN,VARNA,BG,43.232,27.825,0,BG
MHLC,GOLOSON INTERNATIONAL,HN,15.742,-86.853,0,HN
MHPL,PUERTO LEMPIRA,HN,15.261,-83.781,0,HN
MHRO,ROATAN,HN,16.317,-86.522,0,HN
MHLM,LA MESA INTERNATIONAL,HN,15.452,-87.923,0,HN
MHTG,TONCONTIN INTERNATIONAL,HN,14.061,-87.217,0,HN
DBBB,COTONOU CADJEHOUN,BJ,6.357,2.384,0,BJ
DBBP,PARAKOU,BJ,9.357,2.609,0,BJ
MNBL,BLUEFIELDS,NI,11.989,-83.774,0,NI
MNMG,MANAGUA INTERNATIONAL,NI,12.141,-86.168,0,NI
LGAT,ATHINAI,GR,37.888,23.732,0,GR
LGSA,SOUDA,GR,35.532,24.149,0,GR
LGHI,CHIOS,GR,38.343,26.141,0,GR
LGIO,IOANNINA,GR,39.696,20.822,0,GR
LGKL,KALAMATA,GR,37.068,22.026,0,GR
LGKV,MEGAS ALEXANDROS INTERNATIONAL,GR,40.913,24.619,0,GR
LGKO,KOS,GR,36.793,27.092,0,GR
LGKZ,FILIPPOS,GR,40.286,21.841,0,GR
LGMT,MITILINI,GR,39.057,26.598,0,GR
LGTS,MAKEDONIA,GR,40.52,22.971,0,GR
VGEG,SHAH AMANAT INTERNATIONAL,BD,22.249,91.813,0,BD
VGZR,ZIA INTERNATIONAL,BD,23.843,90.398,0,BD
VGRJ,RAJSHAHI,BD,24.437,88.616,0,BD
VNVT,BIRATNAGAR,NP,26.483,87.264,0,NP
VNKT,TRIBHUVAN INTERNATIONAL,NP,27.696,85.359,0,NP
VNPK,POKHARA,NP,28.2,83.981,0,NP
DTTG,GABES,TN,33.877,10.103,0,TN
DTTF,GAFSA,TN,34.422,8.822,0,TN
DTMB,HABIB BOURGUIBA INTERNATIONAL,TN,35.758,10.755,0,TN
DTTX,THYNA,TN,34.718,10.691,0,TN
DTTZ,NEFTA,TN,33.94,8.111,0,TN
DTTA,CARTHAGE,TN,36.851,10.227,0,TN
SUAG,ARTIGAS INTERNATIONAL,UY,-30.401,-56.508,0,UY
SUCA,LAGUNA DE LOS PATOS INTERNATIONAL,UY,-34.456,-57.771,0,UY
SUMO,CERRO LARGO,UY,-32.338,-54.217,0,UY
SUMU,CARRASCO INTERNATIONAL,UY,-34.838,-56.03,0,UY
SUPU,TYDEO LARRE BORGES INTERNATIONAL,UY,-32.365,-58.061,0,UY
SURV,RIVERA INTERNATIONAL,UY,-30.974,-55.476,0,UY
SUSO,NUEVA HESPERIDES INTERNATIONAL,UY,-31.44,-57.991,0,UY
SUTB,TACUAREMBO,UY,-31.749,-55.926,0,UY
OSAP,ALEPPO INTERNATIONAL,TW,36.181,37.224,0,TW
OSDI,DAMASCUS INTERNATIONAL,TW,33.411,36.516,0,TW
OSLK,BASSEL AL ASSAD INTERNATIONAL,TW,35.401,35.949,0,TW
GOOY,LEOPOLD SEDAR SENGHOR INTERNATIONAL,SN,14.739,-17.49,0,SN
GOOK,KAOLACK,SN,14.147,-16.051,0,SN
GOTK,KEDOUGOU,SN,12.572,-12.22,0,SN
GOGK,KOLDA,SN,12.88,-14.955,0,SN
GOTT,TAMBACOUNDA,SN,13.737,-13.653,0,SN
GOGG,ZIGUINCHOR,SN,12.556,-16.282,0,SN
SYLT,LETHEM,GY,3.373,-59.789,0,GY
HUSO,SOROTI,UG,1.728,33.623,0,UG
DGAA,KOTOKA INTERNATIONAL,GH,5.603,-0.168,0,GH
DGSN,SUNYANI,GH,7.362,-2.329,0,GH
DGLE,TAMALE,GH,9.563,-0.863,0,GH
LRAR,ARAD,RO,46.176,21.262,0,RO
LRBC,BACAU,RO,46.522,26.91,0,RO
LRBM,TAUTII MAGHERAUS,RO,47.658,23.47,0,RO
LROP,OTOPENI,RO,44.574,26.103,0,RO
LRCL,SOMESENI,RO,46.785,23.686,0,RO
LRCK,MIHAIL KOGALNICEANU,RO,44.362,28.488,0,RO
LRCV,CRAIOVA,RO,44.318,23.889,0,RO
LRIA,IASI,RO,47.179,27.62,0,RO
LROD,ORADEA,RO,47.025,21.902,0,RO
LRSM,SATU MARE,RO,47.703,22.886,0,RO
LRSB,SIBIU,RO,45.786,24.091,0,RO
LRSV,SALCEA,RO,47.688,26.354,0,RO
LRTR,GIARMATA,RO,45.81,21.338,0,RO
LRTC,CATALOI,RO,45.062,28.714,0,RO
VLSK,SAVANNAKHET,LA,16.556,104.759,0,LA
VLVT,WATTAY INTERNATIONAL,LA,17.988,102.563,0,LA
EGLL,HEATHROW,GB,51.477,-0.461,0,GB
EGBB,BIRMINGHAM,GB,52.454,-1.748,0,GB
EGNH,BLACKPOOL,GB,53.772,-3.029,0,GB
EGHH,BOURNEMOUTH,GB,50.78,-1.843,0,GB
EGGD,BRISTOL,GB,51.383,-2.719,0,GB
EGSC,CAMBRIDGE,GB,52.205,0.175,0,GB
EGNC,CARLISLE,GB,54.938,-2.809,0,GB
EGBE,COVENTRY,GB,52.37,-1.48,0,GB
EGAB,ST ANGELO,GB,54.399,-7.652,0,GB
EGTE,EXETER,GB,50.734,-3.414,0,GB
EGNM,LEEDS BRADFORD,GB,53.866,-1.661,0,GB
EGGP,LIVERPOOL,GB,53.334,-2.85,0,GB
EGKK,GATWICK,GB,51.148,-0.19,0,GB
EGCC,MANCHESTER,GB,53.354,-2.275,0,GB
EGTK,KIDLINGTON,GB,51.837,-1.32,0,GB
EGHD,PLYMOUTH,GB,50.423,-4.106,0,GB
EGHI,SOUTHAMPTON,GB,50.95,-1.357,0,GB
EGPA,KIRKWALL,GB,58.958,-2.905,0,GB
EGPD,DYCE,GB,57.204,-2.2,0,GB
EGPN,DUNDEE,GB,56.453,-3.026,0,GB
EGPH,EDINBURGH,GB,55.95,-3.373,0,GB
EGPF,GLASGOW,GB,55.872,-4.433,0,GB
EGPE,INVERNESS,GB,57.54,-4.05,0,GB
EGPO,STORNOWAY,GB,58.214,-6.329,0,GB
GUFH,FARANAH,GN,10.036,-10.77,0,GN
GULB,LABE,GN,11.326,-12.287,0,GN
GUMA,MACENTA,GN,8.481,-9.526,0,GN
GUNZ,NZEREKORE,GN,7.806,-8.702,0,GN
SEAM,CHACHOAN,EC,-1.212,-78.574,0,EC
SECU,MARISCAL LAMAR,EC,-2.889,-78.984,0,EC
SEGU,SIMON BOLIVAR INTERNATIONAL,EC,-2.158,-79.884,0,EC
SEMC,MACAS,EC,-2.299,-78.121,0,EC
SEMH,GENERAL SERRANO,EC,-3.269,-79.962,0,EC
SEPV,REALES TAMARINDOS,EC,-1.041,-80.472,0,EC
SEQU,MARISCAL SUCRE INTERNATIONAL,EC,-0.141,-78.488,0,EC
SETU,EL ROSAL TENIENTE MANTILLA,EC,0.809,-77.708,0,EC
FOON,FRANCEVILLE MVENGUE,GA,-1.656,13.438,0,GA
FOGR,LAMBARENE,GA,-0.704,10.246,0,GA
FOOL,LIBREVILLE LEON M BA,GA,0.458,9.412,0,GA
FOOK,MAKOKOU,GA,0.579,12.891,0,GA
FOGO,OYEM,GA,1.541,11.581,0,GA
FOOT,TCHIBANGA,GA,-2.889,10.919,0,GA
NZAA,AUCKLAND INTERNATIONAL,NZ,-37.008,174.792,0,NZ
NZCH,CHRISTCHURCH INTERNATIONAL,NZ,-43.489,172.532,0,NZ
NZDN,DUNEDIN,NZ,-45.928,170.198,0,NZ
NZGS,GISBORNE,NZ,-38.663,177.978,0,NZ
NZNV,INVERCARGILL,NZ,-46.412,168.313,0,NZ
NZNS,NELSON,NZ,-41.298,173.221,0,NZ
NZPM,PALMERSTON NORTH,NZ,-40.321,175.617,0,NZ
NZWN,WELLINGTON INTERNATIONAL,NZ,-41.327,174.805,0,NZ
NZWK,WHAKATANE,NZ,-37.921,176.914,0,NZ
NZWR,WHANGAREI,NZ,-35.768,174.365,0,NZ
DFOO,BOBO DIOULASSO,BF,11.16,-4.331,0,BF
DFFD,OUAGADOUGOU,BF,12.353,-1.512,0,BF
LIBD,PALESE MACCHIE,IT,41.138,16.761,0,IT
LIME,BERGAMO ORIO AL SERIO,IT,45.674,9.704,0,IT
LIPE,BOLOGNA,IT,44.534,11.29,0,IT
LIPB,BOLZANO,IT,46.461,11.326,0,IT
LIBR,CASALE,IT,40.657,17.947,0,IT
LIEE,ELMAS,IT,39.251,9.054,0,IT
LICC,CATANIA FONTANAROSSA,IT,37.467,15.066,0,IT
LIBC,CROTONE,IT,38.997,17.08,0,IT
LIBF,GINO LISA,IT,41.433,15.535,0,IT
LIMJ,GENOVA SESTRI,IT,44.412,8.842,0,IT
LIBN,LECCE,IT,40.239,18.133,0,IT
LIML,LINATE,IT,45.445,9.277,0,IT
LIRN,CAPODICHINO,IT,40.886,14.291,0,IT
LIEO,OLBIA COSTA SMERALDA,IT,40.899,9.518,0,IT
LICJ,PALERMO,IT,38.176,13.091,0,IT
LIMP,PARMA,IT,44.824,10.296,0,IT
LIRZ,PERUGIA,IT,43.096,12.513,0,IT
LIBP,PESCARA,IT,42.431,14.181,0,IT
LIRP,PISA,IT,43.684,10.393,0,IT
LIRF,FIUMICINO,IT,41.813,12.253,0,IT
LIQS,AMPUGNANO,IT,43.257,11.254,0,IT
LIPH,TREVISO,IT,45.649,12.195,0,IT
LIPZ,VENEZIA TESSERA,IT,45.505,12.352,0,IT
RPVB,BACOLOD,PH,10.643,122.929,0,PH
RPVI,ILOILO,PH,10.713,122.545,0,PH
RPVK,KALIBO,PH,11.681,122.378,0,PH
RPLL,NINOY AQUINO INTERNATIONAL,PH,14.509,121.019,0,PH
RPVM,MACTAN INTERNATIONAL,PH,10.308,123.979,0,PH
RPVP,PUERTO PRINCESA,PH,9.742,118.759,0,PH
RPVA,DANIEL Z ROMUALDEZ,PH,11.227,125.028,0,PH
EFHK,HELSINKI VANTAA,FI,60.32,24.956,0,FI
EFJO,JOENSUU,FI,62.659,29.624,0,FI
EFJY,JYVASKYLA,FI,62.399,25.678,0,FI
EFKI,KAJAANI,FI,64.285,27.692,0,FI
EFKE,KEMI TORNIO,FI,65.782,24.599,0,FI
EFKU,KUOPIO,FI,63.007,27.798,0,FI
EFLP,LAPPEENRANTA,FI,61.044,28.144,0,FI
EFMA,MARIEHAMN,FI,60.122,19.898,0,FI
EFMI,MIKKELI,FI,61.686,27.202,0,FI
EFOU,OULU,FI,64.93,25.354,0,FI
EFPO,PORI,FI,61.462,21.8,0,FI
EFRO,ROVANIEMI,FI,66.565,25.83,0,FI
EFSA,SAVONLINNA,FI,61.943,28.945,0,FI
EFSO,SODANKYLA,FI,67.395,26.619,0,FI
EFTP,TAMPERE PIRKKALA,FI,61.414,23.604,0,FI
EFTU,TURKU,FI,60.514,22.263,0,FI
EFVA,VAASA,FI,63.051,21.761,0,FI
EPGD,REBIECHOWO,PL,54.377,18.466,0,PL
EPKT,PYRZOWICE,PL,50.474,19.08,0,PL
EPKK,BALICE JP II INTERNATIONAL AIRPORT,PL,50.078,19.785,0,PL
EPPO,LAWICA,PL,52.421,16.826,0,PL
EPRZ,JASIONKA,PL,50.11,22.019,0,PL
EPWA,OKECIE,PL,52.166,20.967,0,PL
EPWR,STRACHOWICE,PL,51.102,16.886,0,PL
EPZG,BABIMOST,PL,52.139,15.799,0,PL
OOKB,KHASAB,OM,26.171,56.241,0,OM
OOMS,SEEB INTERNATIONAL,OM,23.593,58.284,0,OM
OOSA,SALALAH,OM,17.039,54.091,0,OM
WMKA,SULTAN ABDUL HALIM,MY,6.194,100.403,0,MY
WMKI,SULTAN AZLAN SHAH,MY,4.568,101.092,0,MY
WMKJ,SULTAN ISMAIL,MY,1.641,103.669,0,MY
WBKK,KOTA KINABALU INTERNATIONAL,MY,5.937,116.051,0,MY
WMKK,KUALA LUMPUR INTERNATIONAL,MY,2.746,101.71,0,MY
WMKN,SULTAN MAHMUD,MY,5.382,103.103,0,MY
WMKD,KUANTAN,MY,3.775,103.209,0,MY
WBGG,KUCHING INTERNATIONAL,MY,1.485,110.346,0,MY
WBKL,LABUAN,MY,5.301,115.25,0,MY
FCBB,BRAZZAVILLE MAYA MAYA,CD,-4.252,15.253,0,CD
FCOI,IMPFONDO,CD,1.589,18.047,0,CD
FCOU,OUESSO,CD,1.616,16.038,0,CD
FCOO,OWANDO,CD,-0.531,15.95,0,CD
FCPP,POINTE NOIRE,CD,-4.813,11.886,0,CD
EDMA,AUGSBURG,DE,48.425,10.932,0,DE
EDDB,SCHONEFELD,DE,52.38,13.523,0,DE
EDVE,BRAUNSCHWEIG,DE,52.319,10.556,0,DE
EDDW,BREMEN,DE,53.047,8.787,0,DE
EDWB,BREMERHAVEN,DE,53.503,8.573,0,DE
EDLW,DORTMUND,DE,51.518,7.612,0,DE
EDDC,DRESDEN,DE,51.133,13.767,0,DE
EDWE,EMDEN,DE,53.391,7.227,0,DE
EDDE,ERFURT,DE,50.98,10.958,0,DE
EDLE,ESSEN MULHEIM,DE,51.401,6.936,0,DE
EDDF,FRANKFURT MAIN,DE,50.026,8.543,0,DE
EDDH,HAMBURG,DE,53.63,9.988,0,DE
EDDV,HANNOVER,DE,52.461,9.685,0,DE
ETIE,HEIDELBERG AAF,DE,49.393,8.652,0,DE
EDQM,HOF PLAUEN,DE,50.289,11.855,0,DE
EDVK,KASSEL CALDEN,DE,51.408,9.378,0,DE
EDHK,KIEL HOLTENAU,DE,54.379,10.145,0,DE
EDRK,KOBLENZ WINNINGEN,DE,50.325,7.531,0,DE
EDDP,LEIPZIG HALLE,DE,51.424,12.236,0,DE
EDFM,MANNHEIM CITY,DE,49.473,8.514,0,DE
EDDM,MUNICH,DE,48.354,11.786,0,DE
EDDS,STUTTGART,DE,48.69,9.222,0,DE
RJSK,AKITA,JP,39.616,140.219,0,JP
RJSA,AOMORI,JP,40.734,140.691,0,JP
RJFF,FUKUOKA,JP,33.586,130.45,0,JP
RJOA,HIROSHIMA,JP,34.435,132.922,0,JP
RJFK,KAGOSHIMA,JP,31.803,130.719,0,JP
RJNK,KOMATSU,JP,36.394,136.408,0,JP
RJFT,KUMAMOTO,JP,32.837,130.855,0,JP
RJOM,MATSUYAMA,JP,33.827,132.7,0,JP
RJFM,MIYAZAKI,JP,31.877,131.448,0,JP
RJFU,NAGASAKI,JP,32.922,129.923,0,JP
RJNN,NAGOYA,JP,35.255,136.924,0,JP
ROAH,NAHA,JP,26.196,127.646,0,JP
RJFO,OITA,JP,33.479,131.737,0,JP
RJOB,OKAYAMA,JP,34.757,133.856,0,JP
RJOO,OSAKA INTERNATIONAL,JP,34.785,135.438,0,JP
RJCC,CHITOSE INTERNATIONAL AIRPORT,JP,42.775,141.692,0,JP
RJSS,SENDAI,JP,38.139,140.917,0,JP
RJOT,TAKAMATSU,JP,34.214,134.016,0,JP
RJOS,TOKUSHIMA,JP,34.133,134.606,0,JP
RJAA,NEW TOKYO INTERNATIONAL,JP,35.765,140.386,0,JP
RJNT,TOYAMA,JP,36.648,137.187,0,JP
RJSC,YAMAGATA,JP,38.412,140.371,0,JP
RJDC,YAMAGUCHI UBE,JP,33.93,131.279,0,JP
ENAL,VIGRA,NO,62.56,6.11,0,NO
ENAT,ALTA,NO,69.977,23.366,0,NO
ENBR,BERGEN FLESLAND,NO,60.293,5.218,0,NO
ENHA,STAFSBERG,NO,60.818,11.067,0,NO
ENHD,HAUGESUND KARMOY,NO,59.345,5.208,0,NO
ENKR,KIRKENES HOYBUKTMOEN,NO,69.725,29.887,0,NO
ENCN,KRISTIANSAND KJEVIK,NO,58.204,8.085,0,NO
ENML,ARO,NO,62.746,7.272,0,NO
ENGM,OSLO GARDERMOEN,NO,60.194,11.1,0,NO
ENSN,SKIEN GEITERYGGEN,NO,59.185,9.567,0,NO
ENZV,STAVANGER SOLA,NO,58.877,5.638,0,NO
ENTC,TROMSO,NO,69.683,18.919,0,NO
ENVA,TRONDHEIM VAERNES,NO,63.458,10.94,0,NO
FVBU,JOSHUA MQABUKO NKOMO INTERNATIONAL,ZW,-20.017,28.618,0,ZW
FVHA,HARARE INTERNATIONAL,ZW,-17.932,31.093,0,ZW
FVMV,MASVINGO,ZW,-20.055,30.859,0,ZW
FVGR,MUTARE GRAND REEF,ZW,-18.977,32.451,0,ZW
SGAS,SILVIO PETTIROSSI INTERNATIONAL,PY,-25.24,-57.519,0,PY
ESSD,BORLANGE,SE,60.422,15.515,0,SE
ESSK,GAVLE SANDVIKEN,SE,60.593,16.951,0,SE
ESMT,HALMSTAD,SE,56.691,12.82,0,SE
ESNQ,KIRUNA,SE,67.822,20.337,0,SE
ESMK,KRISTIANSTAD,SE,55.922,14.085,0,SE
ESPA,KALLAX,SE,65.544,22.122,0,SE
ESOE,OREBRO,SE,59.224,15.038,0,SE
ESNO,ORNSKOLDSVIK,SE,63.408,18.99,0,SE
ESPC,FROSON,SE,63.194,14.502,0,SE
ESNS,SKELLEFTEA,SE,64.625,21.077,0,SE
ESSA,ARLANDA,SE,59.652,17.919,0,SE
ESNN,SUNDSVALL HARNOSAND,SE,62.528,17.444,0,SE
ESGT,TROLLHATTAN VANERSBORG,SE,58.318,12.345,0,SE
ESNU,UMEA,SE,63.792,20.282,0,SE
ESOW,VASTERAS,SE,59.589,16.634,0,SE
ESMX,KRONOBERG,SE,56.929,14.728,0,SE
ESSV,VISBY,SE,57.663,18.346,0,SE
UTTT,YUZHNY,UZ,41.257,69.282,0,UZ
ORBS,SADDAM INTERNATIONAL,IQ,33.262,44.234,0,IQ
GMAA,INEZGANE,MA,30.381,-9.546,0,MA
GMMN,MOHAMMED V,MA,33.368,-7.588,0,MA
GMMX,MENARA,MA,31.607,-8.036,0,MA
GMME,SALE,MA,34.051,-6.751,0,MA
AYGA,GOROKA,PG,-6.082,145.392,0,PG
AYMD,MADANG,PG,-5.207,145.789,0,PG
AYMH,MOUNT HAGEN,PG,-5.826,144.296,0,PG
AYPY,PORT MORESBY JACKSONS INTERNATIONAL,PG,-9.443,147.22,0,PG
AYWK,WEWAK INTERNATIONAL,PG,-3.584,143.669,0,PG
FKKU,BAFOUSSAM,CM,5.537,10.354,0,CM
FKKV,BAMENDA,CM,6.039,10.123,0,CM
FKKD,DOUALA,CM,4.006,9.719,0,CM
FKKR,GAROUA,CM,9.336,13.37,0,CM
FKKL,MAROUA SALAK,CM,10.451,14.257,0,CM
FKKY,YAOUNDE,CM,3.835,11.524,0,CM
LEAL,ALICANTE,ES,38.282,-0.558,0,ES
LEAM,ALMERIA,ES,36.844,-2.37,0,ES
LEBZ,TALAVERA LA REAL,ES,38.891,-6.821,0,ES
LEBL,BARCELONA,ES,41.297,2.078,0,ES
LEBB,BILBAO,ES,43.301,-2.911,0,ES
LEBA,CORDOBA,ES,37.842,-4.849,0,ES
LEGR,GRANADA,ES,37.189,-3.777,0,ES
LEMD,BARAJAS,ES,40.472,-3.561,0,ES
LEMG,MALAGA,ES,36.674,-4.499,0,ES
LELC,MURCIA SAN JAVIER,ES,37.775,-0.812,0,ES
LEPP,PAMPLONA,ES,42.77,-1.646,0,ES
LESA,SALAMANCA,ES,40.952,-5.502,0,ES
LEXJ,SANTANDER,ES,43.427,-3.82,0,ES
LEST,SANTIAGO,ES,42.896,-8.415,0,ES
LEZL,SEVILLA,ES,37.418,-5.893,0,ES
LEVC,VALENCIA,ES,39.489,-0.481,0,ES
LEVD,VALLADOLID,ES,41.706,-4.852,0,ES
LEVT,VITORIA,ES,42.883,-2.724,0,ES
LEZG,ZARAGOZA AB,ES,41.666,-1.041,0,ES
VTBD,BANGKOK INTERNATIONAL,TH,13.912,100.607,0,TH
VTCL,LAMPANG,TH,18.272,99.504,0,TH
VTUL,LOEI,TH,17.439,101.722,0,TH
VTUP,NAKHON PHANOM,TH,17.412,104.777,0,TH
VTUN,KHORAT,TH,14.934,102.079,0,TH
VTSN,CHA IAN,TH,8.471,99.956,0,TH
VTSC,NARATHIWAT,TH,6.52,101.743,0,TH
VTSK,PATTANI,TH,6.785,101.153,0,TH
VTPP,PHITSANULOK,TH,16.783,100.279,0,TH
VTCP,PHRAE,TH,18.132,100.164,0,TH
VTSP,PHUKET INTERNATIONAL,TH,8.113,98.317,0,TH
VTPH,HUA HIN,TH,12.634,99.951,0,TH
VTBU,U TAPHAO INTERNATIONAL,TH,12.68,101.005,0,TH
VTUI,SAKON NAKHON,TH,17.195,104.119,0,TH
VTSS,HAT YAI INTERNATIONAL,TH,6.933,100.393,0,TH
VTST,TRANG,TH,7.509,99.616,0,TH
VTUD,UDON THANI,TH,17.386,102.788,0,TH
LFBA,LA GARENNE,FR,44.175,0.591,0,FR
LFLP,MEYTHET,FR,45.929,6.099,0,FR
LFLA,BRANCHES,FR,47.85,3.497,0,FR
LFMU,VIAS,FR,43.324,3.356,0,FR
LFBD,MERIGNAC,FR,44.828,-0.716,0,FR
LFLD,BOURGES,FR,47.058,2.37,0,FR
LFRB,GUIPAVAS,FR,48.448,-4.418,0,FR
LFRK,CARPIQUET,FR,49.173,-0.45,0,FR
LFAC,CALAIS DUNKERQUE,FR,50.962,1.955,0,FR
LFRC,MAUPERTUS,FR,49.65,-1.47,0,FR
LFSD,LONGVIC,FR,47.269,5.09,0,FR
LFLS,SAINT GEOIRS,FR,45.363,5.329,0,FR
LFBR,LHERM,FR,43.449,1.263,0,FR
LFOH,OCTEVILLE,FR,49.534,0.088,0,FR
LFRM,ARNAGE,FR,47.949,0.202,0,FR
LFQQ,LESQUIN,FR,50.562,3.089,0,FR
LFBL,BELLEGARDE,FR,45.863,1.179,0,FR
LFRH,LANN BIHOUE,FR,47.761,-3.44,0,FR
LFLL,SAINT EXUPERY,FR,45.726,5.091,0,FR
LFML,PROVENCE,FR,43.436,5.214,0,FR
LFJL,METZ NANCY LORRAINE,FR,48.982,6.254,0,FR
LFMT,MEDITERRANEE,FR,43.576,3.963,0,FR
LFSB,BALE MULHOUSE,FR,47.589,7.53,0,FR
LFSN,ESSEY,FR,48.692,6.23,0,FR
LFRS,NANTES ATLANTIQUE,FR,47.153,-1.611,0,FR
LFQG,FOURCHAMBAULT,FR,47.001,3.114,0,FR
LFMN,COTE D AZUR,FR,43.661,7.218,0,FR
LFTW,GARONS,FR,43.757,4.416,0,FR
LFOJ,BRICY,FR,47.988,1.761,0,FR
LFPG,CHARLES DE GAULLE,FR,49.013,2.55,0,FR
LFMP,RIVESALTES,FR,42.74,2.871,0,FR
LFBI,BIARD,FR,46.588,0.307,0,FR
LFSR,CHAMPAGNE,FR,49.31,4.05,0,FR
LFRN,ST JACQUES,FR,48.069,-1.735,0,FR
LFLO,RENAISON,FR,46.058,4.001,0,FR
LFOP,VALLEE DE SEINE,FR,49.384,1.175,0,FR
LFBT,LOURDES,FR,43.179,-0.006,0,FR
LFBO,BLAGNAC,FR,43.629,1.364,0,FR
LFOT,VAL DE LOIRE,FR,47.432,0.728,0,FR
LFQB,BARBEREY,FR,48.323,4.018,0,FR
LFLV,CHARMEIL,FR,46.169,3.404,0,FR
FBFT,FRANCISTOWN,BW,-21.159,27.474,0,BW
FBJW,JWANENG,BW,-24.602,24.691,0,BW
FBKE,KASANE,BW,-17.833,25.162,0,BW
FBMN,MAUN,BW,-19.972,23.431,0,BW
HKEL,ELDORET INTERNATIONAL,KE,0.404,35.238,0,KE
HKGA,GARISSA,KE,-0.463,39.648,0,KE
HKKI,KISUMU,KE,-0.086,34.729,0,KE
HKKT,KITALE,KE,0.972,34.958,0,KE
HKLU,LAMU MANDA,KE,-2.252,40.913,0,KE
HKLO,LODWAR,KE,3.122,35.609,0,KE
HKMA,MANDERA,KE,3.934,41.844,0,KE
HKMB,MARSABIT,KE,2.345,37.999,0,KE
HKMO,MOI INTERNATIONAL,KE,-4.035,39.594,0,KE
HKNW,NAIROBI WILSON,KE,-1.322,36.815,0,KE
HKNI,NYERI,KE,-0.369,36.98,0,KE
HKWJ,WAJIR,KE,1.733,40.091,0,KE
FMMI,ANTANANARIVO IVATO,MG,-18.797,47.479,0,MG
FMNA,ANTSIRANANA ARRACHART,MG,-12.349,49.292,0,MG
FMNW,ANTSOHIHY AMBALABE,MG,-14.899,47.994,0,MG
FMSG,FARAFANGANA,MG,-22.805,47.821,0,MG
FMSF,FIANARANTSOA,MG,-21.441,47.112,0,MG
FMNM,MAHAJANGA PHILIBERT TSIRANANA,MG,-15.667,46.352,0,MG
FMMV,MORONDAVA,MG,-20.285,44.318,0,MG
FMNS,SAMBAVA SUD,MG,-14.279,50.175,0,MG
FMMT,TOAMASINA,MG,-18.109,49.392,0,MG
FMST,TOLIARA,MG,-23.383,43.728,0,MG
HCMM,MOGADISHU,SO,2.014,45.305,0,SO
OAHR,HERAT,AF,34.21,62.228,0,AF
OAJL,JALALABAD,AF,34.399,70.499,0,AF
OAKB,KABUL INTERNATIONAL,AF,34.566,69.212,0,AF
OAKN,KANDAHAR,AF,31.506,65.848,0,AF
OAUZ,KUNDUZ,AF,36.665,68.911,0,AF
VYMD,MANDALAY INTERNATIONAL,MM,21.702,95.978,0,MM
VYMK,MYITKYINA,MM,25.383,97.353,0,MM
VYSW,SITTWE,MM,20.133,92.872,0,MM
FLLS,LUSAKA INTERNATIONAL,ZM,-15.331,28.453,0,ZM
FLND,NDOLA,ZM,-12.998,28.665,0,ZM
SCFA,CERRO MORENO INTERNATIONAL,CL,-23.444,-70.445,1,CL
SCAR,CHACALLUTA,CL,-18.348,-70.339,1,CL
SCCF,EL LOA,CL,-22.499,-68.904,1,CL
SCIE,CARRIEL SUR INTERNATIONAL,CL,-36.773,-73.063,1,CL
SCHA,CHAMONATE,CL,-27.296,-70.414,1,CL
SCCY,TENIENTE VIDAL,CL,-45.594,-72.106,1,CL
SCDA,DIEGO ARACENA INTERNATIONAL,CL,-20.535,-70.181,1,CL
SCSE,LA FLORIDA,CL,-29.916,-71.191,1,CL
SCJO,CANAL BAJO CARLOS HOTT SIEBERT,CL,-40.611,-73.06,1,CL
SCTE,EL TEPUAL INTERNATIONAL,CL,-41.439,-73.094,1,CL
SCCI,CARLOS IBANEZ DEL CAMPO INTERNATIONAL,CL,-53.003,-70.855,1,CL
SCEL,ARTURO MERINO BENITEZ INTERNATIONAL,CL,-33.393,-70.786,1,CL
SCTC,MAQUEHUE,CL,-38.769,-72.636,1,CL
SCVD,PICHOY,CL,-39.65,-73.086,1,CL
LTAF,ADANA,TR,36.982,35.28,1,TR
LTAC,ESENBOGA,TR,40.128,32.995,1,TR
LTAI,ANTALYA,TR,36.901,30.792,1,TR
LTBF,BALIKESIR,TR,39.619,27.925,1,TR
LTCJ,BATMAN,TR,37.929,41.116,1,TR
LTBE,BURSA,TR,40.232,29.009,1,TR
LTAY,CARDAK,TR,37.785,29.701,1,TR
LTCA,ELAZIG,TR,38.607,39.291,1,TR
LTCD,ERZINCAN,TR,39.71,39.526,1,TR
LTCE,ERZURUM,TR,39.956,41.17,1,TR
LTBI,ESKISEHIR,TR,39.784,30.582,1,TR
LTAJ,OGUZELI,TR,36.948,37.479,1,TR
LTBA,ATATURK,TR,40.977,28.821,1,TR
LTBJ,ADNAN MENDERES,TR,38.292,27.157,1,TR
LTAU,ERKILET,TR,38.77,35.495,1,TR
LTAN,KONYA,TR,37.979,32.562,1,TR
LTAT,ERHAC,TR,38.436,38.092,1,TR
LTAQ,SAMSUN AIRPORT,TR,41.276,36.304,1,TR
LTAR,SIVAS,TR,39.814,36.903,1,TR
LTCG,TRABZON,TR,40.995,39.79,1,TR
LTCI,VAN,TR,38.468,43.332,1,TR
OPFA,FAISALABAD INTERNATIONAL,PK,31.365,72.995,1,PK
OPGT,GILGIT,PK,35.919,74.334,1,PK
OPGD,GWADAR,PK,25.233,62.329,1,PK
OPKD,HYDERABAD,PK,25.318,68.366,1,PK
OPRN,CHAKLALA,PK,33.616,73.099,1,PK
OPKC,JINNAH INTERNATIONAL,PK,24.906,67.161,1,PK
OPLA,ALLAMA IQBAL INTERNATIONAL,PK,31.521,74.403,1,PK
OPMT,MULTAN INTERNATIONAL,PK,30.203,71.419,1,PK
OPNH,NAWABSHAH,PK,26.219,68.39,1,PK
OPPS,PESHAWAR,PK,33.994,71.514,1,PK
OPQT,QUETTA,PK,30.251,66.938,1,PK
OPSS,SAIDU SHARIF,PK,34.813,72.352,1,PK
OPSK,SUKKUR,PK,27.722,68.792,1,PK
OPZB,ZHOB,PK,31.358,69.463,1,PK
FQBR,BEIRA,MZ,-19.796,34.907,1,MZ
FQIN,INHAMBANE,MZ,-23.876,35.408,1,MZ
FQLC,LICHINGA,MZ,-13.274,35.266,1,MZ
FQMA,MAPUTO,MZ,-25.921,32.573,1,MZ
FQNP,NAMPULA,MZ,-15.106,39.282,1,MZ
FQPB,PEMBA,MZ,-12.987,40.522,1,MZ
FQQL,QUELIMANE,MZ,-17.856,36.869,1,MZ
FQTT,TETE CHINGOZI,MZ,-16.105,33.64,1,MZ
SVAC,OSWALDO GUEVARA MUJICA,VE,9.553,-69.238,1,VE
SVAN,ANACO,VE,9.429,-64.471,1,VE
SVBC,GENERAL JOSE ANTONIO ANZOATEGUI INTERNATIONAL,VE,10.107,-64.689,1,VE
SVBI,BARINAS,VE,8.619,-70.221,1,VE
SVBM,BARQUISIMETO INTERNATIONAL,VE,10.043,-69.358,1,VE
SVMI,SIMON BOLIVAR INTERNATIONAL,VE,10.603,-66.991,1,VE
SVCP,GENERAL JOSE FRANCISCO BERMUDEZ,VE,10.66,-63.262,1,VE
SVCB,CIUDAD BOLIVAR,VE,8.122,-63.537,1,VE
SVCR,JOSE LEONARDO CHIRINOS,VE,11.415,-69.681,1,VE
SVCU,ANTONIO JOSE DE SUCRE,VE,10.45,-64.13,1,VE
SVGU,GUANARE,VE,9.027,-69.755,1,VE
SVMC,LA CHINITA INTERNATIONAL,VE,10.558,-71.728,1,VE
SVMT,MATURIN,VE,9.749,-63.152,1,VE
SVMD,ALBERTO CARNEVALLI,VE,8.582,-71.161,1,VE
SVMG,DEL CARIBE INTERNATIONAL GEN SANTAGO MARINO,VE,10.912,-63.966,1,VE
SVPA,CASIQUE ARAMARE,VE,5.62,-67.606,1,VE
SVPC,GENERAL BARTOLOME SALOM INTERNATIONAL,VE,10.48,-68.073,1,VE
SVSP,SUB TENIENTE NESTOR ARIAS,VE,10.279,-68.755,1,VE
SVSO,MAYOR BUENAVENTURA VIVAS,VE,7.565,-72.035,1,VE
SVTC,TUCUPITA,VE,9.089,-62.094,1,VE
SVVA,ARTURO MICHELENA INTERNATIONAL,VE,10.158,-67.927,1,VE
SVVL,DR ANTONIO NICOLAS BRICENO,VE,9.341,-70.584,1,VE
SVVP,VALLE DE LA PASCUA,VE,9.222,-65.993,1,VE
HTAR,ARUSHA,TZ,-3.368,36.633,1,TZ
HTDA,DAR ES SALAAM,TZ,-6.878,39.203,1,TZ
HTDO,DODOMA,TZ,-6.17,35.752,1,TZ
HTIR,IRINGA,TZ,-7.669,35.752,1,TZ
HTMS,MOSHI,TZ,-3.363,37.323,1,TZ
HTMT,MTWARA,TZ,-10.339,40.182,1,TZ
HTMW,MWANZA,TZ,-2.444,32.932,1,TZ
HTPE,PEMBA,TZ,-5.257,39.811,1,TZ
HTTG,TANGA,TZ,-5.092,39.071,1,TZ
HTZA,ZANZIBAR,TZ,-6.222,39.225,1,TZ
DNAA,ABUJA NNAMDI AZIKIWE INTERNATIONAL,NG,9.007,7.263,1,NG
DNAK,AKURE,NG,7.247,5.301,1,NG
DNCA,CALABAR,NG,4.976,8.347,1,NG
DNEN,ENUGU,NG,6.474,7.562,1,NG
DNGU,GUSAU,NG,12.172,6.696,1,NG
DNIB,IBADAN,NG,7.362,3.978,1,NG
DNIL,ILORIN,NG,8.44,4.494,1,NG
DNJO,JOS,NG,9.64,8.869,1,NG
DNKA,KADUNA,NG,10.696,7.32,1,NG
DNKN,KANO MALLAM AMINU INTERNATIONAL,NG,12.047,8.524,1,NG
DNMM,LAGOS MURTALA MUHAMMED,NG,6.577,3.321,1,NG
DNMA,MAIDUGURI,NG,11.855,13.081,1,NG
DNMK,MAKURDI,NG,7.704,8.614,1,NG
DNMN,MINNA NEW,NG,9.652,6.462,1,NG
DNSO,SADIQ ABUBAKAR III INTERNATIONAL,NG,12.916,5.207,1,NG
DNYO,YOLA,NG,9.26,12.43,1,NG
DNZA,ZARIA,NG,11.13,7.686,1,NG
HEAX,ALEXANDRIA INTERNATIONAL,EG,31.184,29.949,1,EG
HESN,ASWAN INTERNATIONAL,EG,23.964,32.82,1,EG
HECA,CAIRO INTERNATIONAL,EG,30.122,31.406,1,EG
HELX,LUXOR INTERNATIONAL,EG,25.671,32.706,1,EG
HEPS,PORT SAID,EG,31.279,32.24,1,EG
HAAB,BOLE INTERNATIONAL,ET,8.977,38.8,1,ET
HADR,ABA TENNA DEJAZMATCH YILMA INTERNATIONAL,ET,9.625,41.854,1,ET
HAMK,MEKELE,ET,13.467,39.533,1,ET
GQPA,ATAR,MR,20.507,-13.043,1,MR
GQNK,KAEDI,MR,16.159,-13.508,1,MR
GQNF,KIFFA,MR,16.59,-11.406,1,MR
GQNI,NEMA,MR,16.622,-7.314,1,MR
GQPP,NOUADHIBOU,MR,20.928,-17.031,1,MR
GQND,TIDJIKJA,MR,18.57,-11.423,1,MR
SLCO,CAPITAN ANIBAL ARAB,BO,-11.04,-68.783,1,BO
SLCB,JORGE WILSTERMAN,BO,-17.421,-66.177,1,BO
SLLP,EL ALTO INTERNATIONAL,BO,-16.513,-68.192,1,BO
SLPO,CAPITAN NICOLAS ROJAS,BO,-19.543,-65.724,1,BO
SLSU,JUANA AZURDUY DE PADILLA,BO,-19.007,-65.289,1,BO
SLTJ,CAPITAN ORIEL LEA PLAZA,BO,-21.556,-64.701,1,BO
SLTR,TTE AV JORGE HENRICH ARAUZ,BO,-14.819,-64.918,1,BO
SKUC,SANTIAGO PEREZ,CO,7.069,-70.737,1,CO
SKAR,EL EDEN,CO,4.454,-75.765,1,CO
SKEJ,YARIGUIES,CO,7.024,-73.807,1,CO
SKBQ,ERNESTO CORTISSOZ,CO,10.889,-74.781,1,CO
SKBO,ELDORADO INTERNATIONAL,CO,4.701,-74.147,1,CO
SKBG,PALONEGRO,CO,7.126,-73.185,1,CO
SKBU,GERARDO TOBAR LOPEZ,CO,3.819,-76.99,1,CO
SKCL,ALFONSO BONILLA ARAGON INTERNATIONAL,CO,3.543,-76.381,1,CO
SKCG,RAFAEL NUNEZ,CO,10.442,-75.513,1,CO
SKCZ,LAS BRUJAS,CO,9.332,-75.286,1,CO
SKCC,CAMILO DAZA,CO,7.928,-72.511,1,CO
SKFL,GUSTAVO ARTUNDUAGA PAREDES,CO,1.59,-75.564,1,CO
SKGP,GUAPI,CO,2.57,-77.898,1,CO
SKIB,PERALES,CO,4.421,-75.133,1,CO
SKIP,SAN LUIS,CO,0.862,-77.672,1,CO
SKLT,ALFREDO VASQUEZ COBO,CO,-4.193,-69.943,1,CO
SKMG,BARACOA,CO,9.283,-74.839,1,CO
SKMZ,LA NUBIA,CO,5.03,-75.465,1,CO
SKMD,OLAYA HERRERA,CO,6.22,-75.591,1,CO
SKMU,FABIO ALBERTO LEON BENTLEY,CO,1.254,-70.234,1,CO
SKMR,LOS GARZONES,CO,8.824,-75.826,1,CO
SKNV,BENITO SALAS,CO,2.95,-75.294,1,CO
SKOC,AGUAS CLARAS,CO,8.315,-73.358,1,CO
SKPS,ANTONIO NARINO,CO,1.396,-77.291,1,CO
SKPE,MATECANA,CO,4.813,-75.739,1,CO
SKPP,GUILLERMO LEON VALENCIA,CO,2.454,-76.61,1,CO
SKPC,PUERTO CARRENO,CO,6.184,-67.493,1,CO
SKUI,EL CARANO,CO,5.691,-76.641,1,CO
SKSJ,JORGE E GONZALEZ TORRES,CO,2.579,-72.639,1,CO
SKSM,SIMON BOLIVAR,CO,11.119,-74.231,1,CO
SKTM,TAME,CO,6.451,-71.76,1,CO
SKTD,TRINIDAD,CO,5.43,-71.658,1,CO
SKUL,FARFAN,CO,4.088,-76.235,1,CO
SKCO,LA FLORIDA,CO,1.814,-78.749,1,CO
SKTU,GONZALO MEJIA,CO,8.074,-76.741,1,CO
SKVP,ALFONSO LOPEZ PUMAREJO,CO,10.435,-73.249,1,CO
SKVV,VANGUARDIA,CO,4.168,-73.614,1,CO
FABL,BLOEMFONTEIN,ZA,-29.092,26.302,1,ZA
FACT,CAPE TOWN INTERNATIONAL,ZA,-33.965,18.602,1,ZA
FAHG,HEIDELBERG,ZA,-26.506,28.394,1,ZA
FAJS,JOHANNESBURG INTERNATIONAL,ZA,-26.139,28.246,1,ZA
FAKM,KIMBERLEY,ZA,-28.803,24.765,1,ZA
FAMS,MESSINA,ZA,-22.356,29.986,1,ZA
FANS,NELSPRUIT,ZA,-25.501,30.913,1,ZA
FAPM,PIETERMARITZBURG,ZA,-29.649,30.399,1,ZA
FAWB,WONDERBOOM,ZA,-25.654,28.224,1,ZA
GABS,BAMAKO SENOU,ML,12.533,-7.95,1,ML
GAGO,GAO,ML,16.248,-0.005,1,ML
GAKY,KAYES,ML,14.431,-11.439,1,ML
GAMB,MOPTI AMBODEDJO,ML,14.513,-4.079,1,ML
GANR,NIORO,ML,15.239,-9.576,1,ML
FNBG,BENGUELA,AO,-12.609,13.404,1,AO
FNCA,CABINDA,AO,-5.597,12.188,1,AO
FNHU,HUAMBO,AO,-12.809,15.76,1,AO
FNLU,LUANDA 4 DE FEVEREIRO,AO,-8.858,13.231,1,AO
FNUE,LUENA,AO,-11.768,19.898,1,AO
FNMA,MALANJE,AO,-9.525,16.312,1,AO
FNME,MENONGUE,AO,-14.658,17.72,1,AO
FNSA,SAURIMO,AO,-9.689,20.432,1,AO
FNUG,UIGE,AO,-7.603,15.028,1,AO
FTTC,ABECHE,TD,13.847,20.844,1,TD
FTTD,MOUNDOU,TD,8.62,16.068,1,TD
FTTJ,NDJAMENA,TD,12.134,15.034,1,TD
FTTP,PALA,TD,9.379,14.926,1,TD
FTTA,SARH,TD,9.151,18.379,1,TD
DRZA,MANU DAYAK,NE,16.965,7.997,1,NE
DRRM,MARADI,NE,13.502,7.127,1,NE
DRRN,DIORI HAMANI,NE,13.481,2.184,1,NE
DRRT,TAHOUA,NE,14.876,5.265,1,NE
DRZR,ZINDER,NE,13.779,8.984,1,NE
SPQU,RODRIGUEZ BALLON,PE,-16.341,-71.583,1,PE
SPHO,CORONEL FAP ALFREDO MENDIVIL DUARTE,PE,-13.155,-74.204,1,PE
SPPY,CHACHAPOYAS,PE,-6.202,-77.856,1,PE
SPHI,CAPT JOSE ABELARDO QUINONES GONZALES,PE,-6.787,-79.828,1,PE
SPQT,CORONEL FAP FRANCISCO SECADA VIGNETTA,PE,-3.785,-73.309,1,PE
SPIM,JORGE CHAVEZ INTERNATIONAL,PE,-12.022,-77.114,1,PE
SPUR,CAPITAN CONCHA,PE,-5.206,-80.616,1,PE
SPCL,CAP FAP DAVID AVENZUR RENGIFO,PE,-8.378,-74.574,1,PE
SPTU,PADRE ALDAMIZ,PE,-12.614,-69.229,1,PE
SPTN,CORONEL FAP CARLOS CIRIANI SANTA ROSA,PE,-18.053,-70.276,1,PE
SPRU,CAPITAN CARLOS MARTINEZ DE PINILLOS,PE,-8.085,-79.109,1,PE
SPME,PEDRO CANGA,PE,-3.552,-80.381,1,PE
OIMB,BIRJAND,IR,32.896,59.276,1,IR
OIKK,KERMAN,IR,30.261,56.957,1,IR
OIGG,RASHT,IR,37.325,49.606,1,IR
OICS,SANANDAJ,IR,35.247,47.007,1,IR
OISS,SHIRAZ SHAHID DASTGHAIB INTERNATIONAL,IR,29.539,52.589,1,IR
OITT,TABRIZ INTERNATIONAL,IR,38.133,46.235,1,IR
OIYY,YAZD SHAHID SADOOGHI,IR,31.905,54.276,1,IR
OIZH,ZAHEDAN INTERNATIONAL,IR,29.476,60.906,1,IR
HLLB,BENINA,LY,32.097,20.269,1,LY
HLGT,GHAT,LY,25.146,10.143,1,LY
HLLT,TRIPOLI INTERNATIONAL,LY,32.663,13.159,1,LY
HSDN,DONGOLA,SD,19.154,30.43,1,SD
HSFS,EL FASHER,SD,13.615,25.325,1,SD
HSOB,EL OBEID,SD,13.153,30.232,1,SD
HSSJ,JUBA,SD,4.872,31.601,1,SD
HSKA,KASSALA,SD,15.386,36.328,1,SD
HSSS,KHARTOUM,SD,15.589,32.553,1,SD
HSSM,MALAKAL,SD,9.559,31.652,1,SD
HSNL,NYALA,SD,12.054,24.955,1,SD
HSSP,PORT SUDAN,SD,19.576,37.216,1,SD
HSWW,WAU,SD,7.726,27.979,1,SD
WAPP,PATTIMURA,ID,-3.709,128.09,1,ID
WITT,SULTAN ISKANDARMUDA,ID,5.523,95.42,1,ID
WIIB,HUSEIN SASTRANEGARA,ID,-6.901,107.576,1,ID
WRBB,SYAMSUDIN NOOR,ID,-3.442,114.761,1,ID
WIPL,PADANG KEMILING,ID,-3.864,102.341,1,ID
WABB,FRANS KAISIEPO,ID,-1.19,136.108,1,ID
WIIL,TUNGGUL WULUNG,ID,-7.645,109.034,1,ID
WRRR,BALI INTERNATIONAL,ID,-8.748,115.167,1,ID
WRKE,H HASAN AROEBOESMAN,ID,-8.849,121.662,1,ID
WAMG,JALALUDDIN,ID,0.637,122.852,1,ID
WIII,SOEKARNO HATTA INTERNATIONAL,ID,-6.126,106.656,1,ID
WIPA,SULTAN THAHA,ID,-1.638,103.644,1,ID
WAJJ,SENTANI,ID,-2.577,140.516,1,ID
WAAU,WOLTER MONGINSIDI,ID,-4.082,122.417,1,ID
WRKK,EL TARI,ID,-10.171,123.671,1,ID
WAMW,BUBUNG,ID,-1.039,122.772,1,ID
WAMM,SAM RATULANGI,ID,1.549,124.926,1,ID
WASR,RENDANI,ID,-0.88,134.05,1,ID
WRRA,SELAPARANG,ID,-8.561,116.094,1,ID
WRKC,WAI OTI,ID,-8.641,122.237,1,ID
WIMM,POLONIA,ID,3.558,98.672,1,ID
WAKK,MOPAH,ID,-8.52,140.418,1,ID
WABI,NABIRE,ID,-3.368,135.496,1,ID
WIMG,TABING,ID,-0.876,100.352,1,ID
WRBP,TJILIK RIWUT,ID,-2.225,113.943,1,ID
WIPP,SULTAN MAHMUD BADARUDDIN II,ID,-2.898,104.701,1,ID
WAML,MUTIARA,ID,-0.918,119.909,1,ID
WIBB,SULTAN SYARIF KASIM II,ID,0.461,101.444,1,ID
WIOO,SUPADIO,ID,-0.151,109.404,1,ID
WAMP,KASIGUNCU,ID,-1.417,120.657,1,ID
WRKG,SATAR TACIK,ID,-8.596,120.478,1,ID
WRLS,TEMINDUNG,ID,-0.484,117.157,1,ID
WIIS,ACHMAD YANI,ID,-6.973,110.375,1,ID
WRSJ,JUANDA,ID,-7.38,112.787,1,ID
WRRW,MAU HAU,ID,-9.67,120.304,1,ID
WIIJ,ADI SUTJIPTO,ID,-7.788,110.432,1,ID
MMAS,JESUS TERAN INTERNATIONAL,MX,21.705,-102.318,1,MX
MMCP,INGENIERO ALBERTO ACUNA ONGAY INTERNATIONAL,MX,19.817,-90.5,1,MX
MMUN,CANCUN INTERNATIONAL,MX,21.036,-86.877,1,MX
MMCM,CHETUMAL INTERNATIONAL,MX,18.504,-88.327,1,MX
MMCU,GENERAL R FIERRO VILLALOBOS INTERNATIONAL,MX,28.703,-105.964,1,MX
MMCE,CIUDAD DEL CARMEN INTERNATIONAL,MX,18.654,-91.799,1,MX
MMDM,CIUDAD MANTE,MX,22.74,-99.018,1,MX
MMCN,CIUDAD OBREGON INTERNATIONAL,MX,27.392,-109.833,1,MX
MMCV,CIUDAD VICTORIA,MX,23.704,-98.956,1,MX
MMIA,COLIMA,MX,19.277,-103.577,1,MX
MMCZ,COZUMEL INTERNATIONAL,MX,20.522,-86.926,1,MX
MMCB,CUERNAVACA,MX,18.835,-99.262,1,MX
MMCL,CULIACAN INTERNATIONAL,MX,24.764,-107.474,1,MX
MMDO,DURANGO INTERNATIONAL,MX,24.124,-104.528,1,MX
MMES,GENERAL ALBERTO L SALINAS C INTERNATIONAL,MX,31.795,-116.602,1,MX
MMGL,DON MIGUEL Y HIDALGO INTERNATIONAL,MX,20.522,-103.311,1,MX
MMHO,GENERAL IGNACIO P GARCIA INTERNATIONAL,MX,29.096,-111.048,1,MX
MMIM,ISLA MUJERES,MX,21.245,-86.74,1,MX
MMLP,GENERAL MANUEL MARQUEZ DE LEON INTERNATIONAL,MX,24.072,-110.362,1,MX
MMLT,LORETO INTERNATIONAL,MX,25.989,-111.348,1,MX
MMLM,VALLE DEL FUERTE INTERNATIONAL,MX,25.685,-109.081,1,MX
MMZO,PLAYA DE ORO INTERNATIONAL,MX,19.145,-104.559,1,MX
MMMZ,GENERAL RAFAEL BUELNA INTERNATIONAL,MX,23.161,-106.266,1,MX
MMMD,LICENCIADO MANUEL CRECENCIO REJON INTERNATIONAL,MX,20.937,-89.657,1,MX
MMML,GENERAL RODOLFO SANCHEZ TABOADA INTERNATIONAL,MX,32.631,-115.241,1,MX
MMMX,LICENCIADO BENITO JUAREZ INTERNATIONAL,MX,19.436,-99.072,1,MX
MMMT,MINATITLAN,MX,18.103,-94.581,1,MX
MMMV,MONCLOVA INTERNATIONAL,MX,26.956,-101.47,1,MX
MMMY,GENERAL MARIANO ESCOBEDO INTERNATIONAL,MX,25.778,-100.107,1,MX
MMNL,QUETZALCOATL INTERNATIONAL,MX,27.444,-99.57,1,MX
MMOX,XOXOCOTLAN INTERNATIONAL,MX,17,-96.726,1,MX
MMPC,INGENIERO JUAN GUILLERMO VILLASANA,MX,20.077,-98.782,1,MX
MMPG,PIEDRAS NEGRAS INTERNATIONAL,MX,28.627,-100.535,1,MX
MMPB,HERMANOS SERDAN INTERNATIONAL,MX,19.158,-98.371,1,MX
MMPR,LICENCIADO GUSTAVO DIAZ ORDAZ INTERNATIONAL,MX,20.68,-105.254,1,MX
MMQT,INGENIERO F ESPINOZA GUTIERREZ INTERNATIONAL,MX,20.624,-100.369,1,MX
MMRX,GENERAL LUCIO BLANCO INTERNATIONAL,MX,26.009,-98.228,1,MX
MMIO,PLAN DE GUADALUPE INTERNATIONAL,MX,25.549,-100.929,1,MX
MMSP,PONCIANO ARRIAGA INTERNATIONAL,MX,22.254,-100.931,1,MX
MMTM,GENERAL FRANCISCO JAVIER MINA INTERNATIONAL,MX,22.296,-97.866,1,MX
MMTN,TAMUIN,MX,22.038,-98.806,1,MX
MMTP,TAPACHULA INTERNATIONAL,MX,14.794,-92.37,1,MX
MMHC,TEHUACAN,MX,18.497,-97.42,1,MX
MMEP,TEPIC,MX,21.419,-104.843,1,MX
MMTJ,GENERAL ABELARDO L RODRIGUEZ INTERNATIONAL,MX,32.541,-116.97,1,MX
MMTA,TLAXCALA,MX,19.536,-98.173,1,MX
MMTO,LICENCIADO ADOLFO LOPEZ MATEOS INTERNATIONAL,MX,19.337,-99.566,1,MX
MMTC,TORREON INTERNATIONAL,MX,25.568,-103.411,1,MX
MMPN,LICENCIADO Y GEN IGNACIO LOPEZ RAYON,MX,19.397,-102.039,1,MX
MMVA,C P A CARLOS ROVIROSA INTERNATIONAL,MX,17.997,-92.817,1,MX
MMZC,GENERAL LEOBARDO C RUIZ INTERNATIONAL,MX,22.897,-102.687,1,MX
OEAB,ABHA,SA,18.24,42.656,1,SA
OERK,KING KHALED INTERNATIONAL,SA,24.957,46.699,1,SA
OETB,TABUK,SA,28.365,36.619,1,SA
DAUA,TOUAT CHEIKH SIDI MOHAMED BELKEBIR,DZ,27.837,-0.186,1,DZ
DABB,ANNABA,DZ,36.822,7.809,1,DZ
DAUB,BISKRA,DZ,34.793,5.738,1,DZ
DABC,MOHAMED BOUDIAF INTERNATIONAL,DZ,36.277,6.624,1,DZ
DAUG,NOUMERATE,DZ,32.384,3.794,1,DZ
DAAP,ILLIZI,DZ,26.573,8.484,1,DZ
DAAV,JIJEL,DZ,36.795,5.873,1,DZ
DAUL,LAGHOUAT,DZ,33.764,2.927,1,DZ
DAOO,ES SENIA,DZ,35.624,-0.621,1,DZ
DAUU,OUARGLA,DZ,31.917,5.413,1,DZ
DAAS,SETIF AIN ARNAT,DZ,36.178,5.324,1,DZ
DAAT,TAMANRASSET,DZ,22.811,5.451,1,DZ
DABS,CHEIKH LARBI TEBESSI,DZ,35.431,8.121,1,DZ
DAOB,BOU CHEKIF,DZ,35.341,1.463,1,DZ
DAOF,TINDOUF,DZ,27.7,-8.167,1,DZ
DAON,ZENATA,DZ,35.017,-1.45,1,DZ
SAZB,COMANDANTE ESPORA,AR,-38.725,-62.169,1,AR
SABE,AEROPARQUE JORGE NEWBERY,AR,-34.559,-58.416,1,AR
SAVC,COMODORO RIVADAVIA,AR,-45.785,-67.466,1,AR
SAAC,COMODORO PIERRESTEGUI,AR,-31.297,-57.996,1,AR
SACO,AMBROSIO L V TARAVELLA,AR,-31.324,-64.208,1,AR
SARC,CORRIENTES,AR,-27.445,-58.762,1,AR
SAVE,ESQUEL,AR,-42.908,-71.139,1,AR
SARF,FORMOSA,AR,-26.212,-58.228,1,AR
SAAG,GUALEGUAYCHU,AR,-33.006,-58.613,1,AR
SADL,LA PLATA,AR,-34.972,-57.894,1,AR
SANL,LA RIOJA,AR,-29.381,-66.796,1,AR
SAMM,MALARGUE,AR,-35.484,-69.582,1,AR
SAZM,MAR DEL PLATA,AR,-37.934,-57.573,1,AR
SAME,EL PLUMERILLO,AR,-32.832,-68.793,1,AR
SAZN,PRESIDENTE PERON,AR,-38.949,-68.156,1,AR
SASO,ORAN,AR,-23.153,-64.329,1,AR
SAAP,GENERAL URQUIZA,AR,-31.795,-60.48,1,AR
SARP,POSADAS,AR,-27.386,-55.971,1,AR
SAWD,PUERTO DESEADO,AR,-47.735,-65.904,1,AR
SAVY,EL TEHUELCHE,AR,-42.759,-65.102,1,AR
SARE,RESISTENCIA,AR,-27.45,-59.056,1,AR
SAOC,RIO CUARTO AREA DE MATERIAL,AR,-33.086,-64.261,1,AR
SAWG,RIO GALLEGOS,AR,-51.609,-69.313,1,AR
SAAR,ROSARIO,AR,-32.903,-60.784,1,AR
SASA,SALTA,AR,-24.856,-65.486,1,AR
SAWJ,SAN JULIAN,AR,-49.307,-67.802,1,AR
SAOU,SAN LUIS,AR,-33.273,-66.356,1,AR
SAMR,SAN RAFAEL,AR,-34.588,-68.403,1,AR
SAAV,SAUCE VIEJO,AR,-31.712,-60.812,1,AR
SANE,SANTIAGO DEL ESTERO,AR,-27.766,-64.31,1,AR
SAZT,TANDIL,AR,-37.237,-59.228,1,AR
SAWH,USHUAIA MALVINAS ARGENTINAS,AR,-54.843,-68.296,1,AR
SAVV,GOBERNADOR CASTELLO,AR,-40.869,-63,1,AR
VEAT,AGARTALA,IN,23.889,91.241,1,IN
VABP,BHOPAL,IN,23.285,77.337,1,IN
VOCL,CALICUT,IN,11.136,75.955,1,IN
VICG,CHANDIGARH,IN,30.673,76.788,1,IN
VADN,DAMAN,IN,20.435,72.844,1,IN
VIDN,DEHRADUN,IN,30.187,78.18,1,IN
VIDP,INDIRA GANDHI INTERNATIONAL,IN,28.566,77.103,1,IN
VOHY,HYDERABAD,IN,17.452,78.461,1,IN
VEIM,IMPHAL,IN,24.76,93.897,1,IN
VIJP,JAIPUR,IN,26.824,75.81,1,IN
VILK,LUCKNOW,IN,26.761,80.886,1,IN
VOPB,PORT BLAIR,IN,11.646,92.733,1,IN
VARP,RAIPUR,IN,21.18,81.739,1,IN
VERC,BIRSA MUNDA,IN,23.315,85.321,1,IN
VISR,SRINAGAR,IN,33.987,74.774,1,IN
YPAD,ADELAIDE INTERNATIONAL,AU,-34.945,138.531,1,AU
YBBN,BRISBANE INTERNATIONAL,AU,-27.384,153.118,1,AU
YSCB,CANBERRA,AU,-35.308,149.194,1,AU
YMHB,HOBART,AU,-42.836,147.51,1,AU
YMML,MELBOURNE INTERNATIONAL,AU,-37.673,144.843,1,AU
YPPH,PERTH INTERNATIONAL,AU,-31.94,115.967,1,AU
YSRI,RICHMOND,AU,-33.601,150.781,1,AU
YSSY,KINGSFORD SMITH INTERNATIONAL AIRPORT,AU,-33.946,151.177,1,AU
SBAR,SANTA MARIA,BR,-10.984,-37.07,1,BR
SBBE,VAL DE CAES,BR,-1.379,-48.476,1,BR
SBCF,TANCREDO NEVES,BR,-19.634,-43.969,1,BR
SBBV,BOA VISTA,BR,2.846,-60.69,1,BR
SBBR,PRESIDENTE JUSCELINO KUBITSCHEK,BR,-15.862,-47.913,1,BR
SBCG,CAMPO GRANDE,BR,-20.469,-54.672,1,BR
SBCY,MARECHAL RONDON,BR,-15.653,-56.117,1,BR
SBCT,AFONSO PENA,BR,-25.528,-49.176,1,BR
SBFL,HERCILIO LUZ,BR,-27.672,-48.548,1,BR
SBFZ,PINTO MARTINS INTERNATIONAL,BR,-3.776,-38.532,1,BR
SBGO,SANTA GENOVEVA,BR,-16.631,-49.222,1,BR
SBJP,INTL. PRES. CASTRO PINTO,BR,-7.27,-35.896,1,BR
SBMQ,MACAPA,BR,0.051,-51.072,1,BR
SBMO,ZUMBI DOS PALMARES,BR,-9.51,-35.793,1,BR
SBEG,EDUARDO GOMES INTERNATIONAL,BR,-3.039,-60.05,1,BR
SBNT,AUGUSTO SEVERO,BR,-5.911,-35.248,1,BR
SBPA,SALGADO FILHO,BR,-29.994,-51.171,1,BR
SBPV,GOVERNADOR JORGE TEIXEIRA DE OLIVEIRA,BR,-8.709,-63.902,1,BR
SBRF,GUARARAPES,BR,-8.126,-34.923,1,BR
SBRB,PRESIDENTE MEDICI,BR,-9.869,-67.894,1,BR
SBGL,GALEAO ANTONIO CARLOS JOBIM,BR,-22.809,-43.244,1,BR
SBSV,DEPUTADO LUIS EDUARDO MAGALHAES,BR,-12.911,-38.331,1,BR
SBSL,MARECHAL CUNHA MACHADO,BR,-2.589,-44.236,1,BR
SBGR,GUARULHOS,BR,-23.432,-46.469,1,BR
SBTE,SENADOR PETRONIO PORTELLA,BR,-5.06,-42.823,1,BR
SBVT,GOIABEIRAS,BR,-20.256,-40.289,1,BR
CYYG,CHARLOTTETOWN,CA,46.29,-63.121,1,CA
CYEG,EDMONTON INTERNATIONAL,CA,53.31,-113.58,1,CA
CZFA,FARO,CA,62.208,-133.376,1,CA
CYFC,FREDERICTON,CA,45.869,-66.532,1,CA
CYHZ,HALIFAX INTERNATIONAL,CA,44.881,-63.509,1,CA
CYFB,IQALUIT,CA,63.756,-68.556,1,CA
CYGK,KINGSTON,CA,44.225,-76.597,1,CA
CYXU,LONDON,CA,43.036,-81.154,1,CA
CYOW,OTTAWA MACDONALD CARTIER INTERNATIONAL,CA,45.323,-75.669,1,CA
CYPQ,PETERBOROUGH,CA,44.23,-78.363,1,CA
CYQB,QUEBEC JEAN LESAGE INTERNATIONAL,CA,46.788,-71.398,1,CA
CYQR,REGINA INTERNATIONAL,CA,50.432,-104.666,1,CA
CYQY,SYDNEY,CA,46.161,-60.048,1,CA
CYYZ,LESTER B PEARSON INTERNATIONAL,CA,43.677,-79.631,1,CA
CYTR,TRENTON,CA,44.119,-77.528,1,CA
CYYJ,VICTORIA INTERNATIONAL,CA,48.647,-123.426,1,CA
CYXY,WHITEHORSE INTERNATIONAL,CA,60.709,-135.068,1,CA
CYWG,WINNIPEG INTERNATIONAL,CA,49.91,-97.234,1,CA
CYZF,YELLOWKNIFE,CA,62.463,-114.44,1,CA
KAPG,PHILLIPS AAF,US,39.466,-76.169,1,US
KALB,ALBANY INTERNATIONAL,US,42.748,-73.803,1,US
KAEX,ALEXANDRIA INTERNATIONAL,US,31.327,-92.548,1,US
KATL,THE WILLIAM B HARTSFIELD ATLANTA INTERNATIONAL,US,33.64,-84.427,1,US
KAUG,AUGUSTA STATE,US,44.321,-69.797,1,US
KAUS,AUSTIN BERGSTROM INTERNATIONAL,US,30.194,-97.67,1,US
KBGR,BANGOR INTERNATIONAL,US,44.807,-68.828,1,US
KBTR,BATON ROUGE METRO RYAN FLD,US,30.533,-91.149,1,US
KBED,LAURENCE G HANSCOM FLD,US,42.47,-71.289,1,US
KBHM,BIRMINGHAM INTERNATIONAL,US,33.563,-86.753,1,US
KBOI,BOISE AIR TERMINAL,US,43.564,-116.223,1,US
KBOS,GENERAL EDWARD LAWRENCE LOGAN INTERNATIONAL,US,42.364,-71.005,1,US
KCYS,CHEYENNE,US,41.156,-104.812,1,US
KCOU,COLUMBIA RGNL,US,38.818,-92.219,1,US
KCMH,PORT COLUMBUS INTERNATIONAL,US,39.998,-82.892,1,US
KDEN,DENVER INTERNATIONAL,US,39.858,-104.667,1,US
KDSM,DES MOINES INTERNATIONAL,US,41.534,-93.663,1,US
KDRO,DURANGO LA PLATA CO,US,37.151,-107.754,1,US
KFMH,OTIS ANGB,US,41.658,-70.521,1,US
KFLO,FLORENCE RGNL,US,34.185,-79.724,1,US
KMDT,HARRISBURG INTERNATIONAL,US,40.193,-76.763,1,US
KHLN,HELENA RGNL,US,46.607,-111.983,1,US
KHBR,HOBART MUNI,US,34.991,-99.051,1,US
PHNL,HONOLULU INTERNATIONAL,US,21.316,-157.927,1,US
KIND,INDIANAPOLIS INTERNATIONAL,US,39.717,-86.294,1,US
KJAN,JACKSON INTERNATIONAL,US,32.311,-90.076,1,US
PAJN,JUNEAU INTERNATIONAL,US,58.355,-134.576,1,US
KLAN,CAPITAL CITY,US,42.779,-84.587,1,US
KLNK,LINCOLN MUNI,US,40.851,-96.759,1,US
KLIT,ADAMS FLD,US,34.729,-92.224,1,US
KMSN,DANE CO RGNL TRUAX FLD,US,43.14,-89.337,1,US
KMLB,MELBOURNE INTERNATIONAL,US,28.103,-80.645,1,US
KMXF,MAXWELL AFB,US,32.379,-86.362,1,US
KMPV,EDWARD F KNAPP STATE,US,44.203,-72.562,1,US
KBNA,NASHVILLE INTERNATIONAL,US,36.124,-86.678,1,US
KOKC,WILL ROGERS WORLD,US,35.393,-97.601,1,US
KPAM,TYNDALL AFB,US,30.07,-85.576,1,US
KPHX,PHOENIX SKY HARBOR INTERNATIONAL,US,33.434,-112.008,1,US
KPVD,THEODORE FRANCIS GREEN STATE,US,41.724,-71.428,1,US
KRIC,RICHMOND INTERNATIONAL,US,37.505,-77.319,1,US
KRME,GRIFFISS AIRPARK,US,43.234,-75.407,1,US
KSMF,SACRAMENTO INTERNATIONAL,US,38.695,-121.591,1,US
KSLC,SALT LAKE CITY INTERNATIONAL,US,40.788,-111.978,1,US
KSPB,SCAPPOOSE INDUSTRIAL AIRPARK,US,45.773,-122.862,1,US
KSAF,SANTA FE MUNI,US,35.617,-106.088,1,US
KBDR,IGOR I SIKORSKY MEM,US,41.163,-73.126,1,US
KTLH,TALLAHASSEE RGNL,US,30.396,-84.35,1,US
KFOE,FORBES FLD,US,38.951,-95.664,1,US
KTTN,TRENTON MERCER,US,40.277,-74.813,1,US
KVPS,EGLIN AFB,US,30.483,-86.525,1,US
KIAD,WASHINGTON DULLES INTERNATIONAL,US,38.944,-77.456,1,US
ZBAA,CAPITAL,CN,40.08,116.584,1,CN
ZUUU,SHUANGLIU,CN,30.578,103.947,1,CN
ZUCK,JIANGBEI,CN,29.719,106.641,1,CN
ZSFZ,CHANGLE,CN,25.933,119.662,1,CN
ZGGG,BAIYUN,CN,23.184,113.266,1,CN
ZGKL,LIANGJIANG,CN,25.218,110.039,1,CN
ZSHC,XIAOSHAN,CN,30.228,120.432,1,CN
ZYHB,TAIPING,CN,45.623,126.25,1,CN
ZSOF,LUOGANG,CN,31.78,117.298,1,CN
ZWTN,HOTAN,CN,37.038,79.866,1,CN
ZSJD,JINGDEZHEN AIRPORT,CN,0,0,1,CN
ZPPP,WUJIABA,CN,24.992,102.743,1,CN
ZLLL,ZHONGCHUAN,CN,36.517,103.622,1,CN
ZULS,LHASA AIRPORT,CN,0,0,1,CN
ZSCN,NANCHANG AIRPORT,CN,28.6,115.917,1,CN
ZSNJ,LU KOU AIRPORT,CN,31.74,118.86,1,CN
ZGNN,WUXU,CN,22.608,108.172,1,CN
ZSQD,LIUTING,CN,36.263,120.375,1,CN
ZSSS,HONGQIAO INTERNATIONAL,CN,31.198,121.336,1,CN
ZGOW,WAI SHA AIRPORT,CN,23.4,116.683,1,CN
ZGSZ,BAOAN,CN,22.639,113.812,1,CN
ZBYN,WUSU,CN,37.747,112.629,1,CN
ZBTJ,BINHAI,CN,39.124,117.346,1,CN
ZWWW,DIWOPU,CN,43.907,87.474,1,CN
ZHHH,TIANHE,CN,30.784,114.208,1,CN
ZLXY,XIANYANG,CN,34.446,108.752,1,CN
ZSAM,GAOQI,CN,24.544,118.127,1,CN
ZUXC,QINGSHAN,CN,27.989,102.184,1,CN
ZHCC,XINZHENG,CN,34.519,113.841,1,CN
UNAA,ABAKAN,RU,53.74,91.385,1,RU
UBBB,BINA,RU,40.468,50.047,1,RU
UNBB,BARNAUL,RU,53.364,83.542,1,RU
UAFM,MANAS,RU,43.062,74.478,1,RU
UUBP,BRYANSK,RU,53.214,34.176,1,RU
UTSB,BUKHARA,RU,39.775,64.48,1,RU
USCC,BALANDINO,RU,55.303,61.507,1,RU
UIAA,KADALA,RU,52.026,113.305,1,RU
UTDD,DUSHANBE,RU,38.543,68.825,1,RU
UIII,IRKUTSK,RU,52.267,104.395,1,RU
UMKK,KHRABROVO,RU,54.89,20.592,1,RU
UHHH,NOVY,RU,48.528,135.188,1,RU
URKK,PASHKOVSKY,RU,45.035,39.172,1,RU
USUU,KURGAN,RU,55.475,65.415,1,RU
UHMM,SOKOL,RU,59.91,150.717,1,RU
URML,UYTASH,RU,42.817,47.652,1,RU
UMMM,MINSK 1,RU,53.864,27.539,1,RU
UUEE,SHEREMETYEVO,RU,55.972,37.415,1,RU
ULMM,MURMANSK,RU,68.782,32.751,1,RU
UTNN,NUKUS,RU,42.486,59.623,1,RU
UNOO,TSENTRALNY,RU,54.967,73.31,1,RU
UWOO,ORENBURG,RU,51.796,55.457,1,RU
UAFO,OSH,RU,40.609,72.793,1,RU
UWPP,PLEASANTON MUNI,RU,28.954,-98.52,1,RU
UWWW,KURUMOCH,RU,53.505,50.164,1,RU
UTSS,SAMARKAND,RU,39.701,66.985,1,RU
UUYY,SYKTYVKAR,RU,61.648,50.846,1,RU
UWUU,UFA,RU,54.557,55.874,1,RU
UIUU,MUKHINO,RU,51.807,107.438,1,RU
UHWW,KNEVICHI,RU,43.399,132.151,1,RU
URWW,GUMRAK,RU,48.782,44.345,1,RU
UUOO,CHERTOVITSKOYE,RU,51.814,39.23,1,RU
UEEE,YAKUTSK,RU,62.093,129.771,1,RU
UGEE,ZVARTNOTS,RU,40.148,44.397,1,RU
UHSS,KHOMUTOVO,RU,46.889,142.717,1,RU
LQMO,MOSTAR,BA,43.283,17.846,0,BA
LQSA,SARAJEVO,BA,43.824,18.331,0,BA
GVBA,RABIL,CV,16.137,-22.889,0,CV
FEFM,BAMBARI,CF,5.847,20.649,0,CF
FEFG,BANGASSOU,CF,4.784,22.781,0,CF
FEFF,BANGUI M POKO,CF,4.398,18.519,0,CF
FEFT,BERBERATI,CF,4.221,15.786,0,CF
FEFI,BIRAO,CF,10.236,22.717,0,CF
FEFO,BOUAR,CF,5.958,15.637,0,CF
FEFR,BRIA,CF,6.528,21.989,0,CF
FMCH,MORONI HAHAIA,KM,-11.534,43.272,0,KM
LKKV,KARLOVY VARY,CZ,50.203,12.915,0,CZ
LKMT,MOSNOV,CZ,49.696,18.111,0,CZ
LKPD,PARDUBICE,CZ,50.013,15.739,0,CZ
LKPR,RUZYNE,CZ,50.101,14.26,0,CZ
WPDL,COMORO (KOMORO) AIRPORT,TL,0,0,0,TL
LWOH,OHRID,MK,41.18,20.742,0,MK
LWSK,SKOPJE,MK,41.961,21.621,0,MK
SOCA,ROCHAMBEAU,GY,4.82,-52.36,0,GY
GGOV,BISSAU OSWALDO VIEIRA INTERNATIONAL,GW,11.895,-15.654,0,GW
DIAP,ABIDJAN FELIX HOUPHOUET BOIGNY INTERNATIONAL,CI,5.26,-3.926,0,CI
DIBK,BOUAKE,CI,7.739,-5.074,0,CI
DIDL,DALOA,CI,6.792,-6.473,0,CI
DIKO,KORHOGO,CI,9.387,-5.556,0,CI
DIMN,MAN,CI,7.272,-7.587,0,CI
DISP,SAN PEDRO,CI,4.747,-6.661,0,CI
DIYO,YAMOUSSOUKRO,CI,6.903,-5.366,0,CI
RKTH,POHANG,KP,35.988,129.42,0,KP
ZKPY,PYONGYANG / SUNAN (CAPITAL) AIRPORT,KR,39.033,125.783,0,KR
RKSS,GIMPO,KR,37.558,126.791,0,KR
RKPU,ULSAN,KR,35.593,129.352,0,KR
RKJY,YEOSU,KR,34.84,127.615,0,KR
TRPM,SANTEE COOPER RGNL,MS,33.587,-80.209,0,MS
FPST,SAO TOME INTERNATIONAL,ST,0.378,6.712,0,ST
TLPC,GEORGE F L CHARLES,LC,14.02,-60.993,0,LC
TVSV,E T JOSHUA,VC,13.144,-61.211,0,VC
SMZO,ZORG EN HOOP,SR,5.811,-55.191,0,SR
FDMS,MATSAPHA,SZ,-26.529,31.308,0,SZ
VVNB,NOIBAI INTERNATIONAL,VN,21.222,105.806,0,VN
VVTS,TANSONNHAT INTERNATIONAL,VN,10.82,106.662,0,VN
FZKA,BUNIA,CD,1.566,30.221,0,CD
FZFD,GBADOLITE,CD,4.253,20.975,0,CD
FZFK,GEMENA,CD,3.235,19.771,0,CD
FZNA,GOMA,CD,-1.671,29.238,0,CD
FZJH,ISIRO MATARI,CD,2.827,27.588,0,CD
FZRF,KALEMIE,CD,-5.876,29.25,0,CD
FZUA,KANANGA,CD,-5.9,22.469,0,CD
FZCA,KIKWIT,CD,-5.036,18.786,0,CD
FZOA,KINDU,CD,-2.919,25.915,0,CD
FZAA,KINSHASA NDJILI INTERNATIONAL,CD,-4.386,15.444,0,CD
FZIA,KISANGANI SIMISINI,CD,0.518,25.155,0,CD
FZQM,KOLWEZI,CD,-10.766,25.506,0,CD
FZGA,LISALA,CD,2.171,21.497,0,CD
FZAM,MATADI TSHIMPI,CD,-5.799,13.441,0,CD
FZEA,MBANDAKA,CD,0.022,18.289,0,CD
FZWA,MBUJI MAYI,CD,-6.121,23.569,0,CD