<?xml version="1.0"?>
<config xmlns:xsi="http://www.w3.org/2001/XMLSchema-instance"
        xsi:noNamespaceSchemaLocation="urn:magento:module:Magento_Config:etc/system_file.xsd">
    <system>
        <tab id="ecobahn" translate="label" sortOrder="9999">
            <label>EcoBahn</label>
        </tab>
        <section id="ecobahn_carbon_calc" translate="label" sortOrder="100" showInDefault="1" showInWebsite="1"
                 showInStore="1">
            <class>separator-top</class>
            <label>Carbon Calculator</label>
            <tab>ecobahn</tab>
            <resource>EcoBahn_CarbonCalculator::manage</resource>
            <group id="warehouse" translate="label" type="text" sortOrder="10" showInDefault="1"
                   showInWebsite="1" showInStore="1">
                <label>Warehouse</label>
                <field id="latitude" translate="label comment" type="text" sortOrder="10" showInDefault="1"
                       showInWebsite="1" showInStore="1">
                    <label>Latitude</label>
                </field>
                <field id="longitude" translate="label comment" type="text" sortOrder="20" showInDefault="1"
                       showInWebsite="1" showInStore="1">
                    <label>Longitude</label>
                </field>
                <field id="airport" translate="label comment" type="text" sortOrder="30" showInDefault="1"
                       showInWebsite="1" showInStore="1">
                    <label>Closest airport</label>
                    <comment>Code as specified in the airports CSV</comment>
                </field>
                <field id="airport_distance" translate="label comment" type="text" sortOrder="40" showInDefault="1"
                       showInWebsite="1" showInStore="1">
                    <label>Distance to airport</label>
                    <comment>In km; automatically determined upon first emission calculation</comment>
                </field>
            </group>
            <group id="geocode_settings" translate="label" type="text" sortOrder="30" showInDefault="1"
                   showInWebsite="1" showInStore="1">
                <label>Google Geocode</label>
                <field id="google_api_key" translate="label comment" type="obscure" sortOrder="30" showInDefault="1"
                       showInWebsite="1" showInStore="1">
                    <label>API Key</label>
                    <comment>Required. Used for GeoCoding.</comment>
                    <backend_model>Magento\Config\Model\Config\Backend\Encrypted</backend_model>
                </field>
            </group>
        </section>
    </system>
</config>
