<?xml version="1.0"?>
<config xmlns:xsi="http://www.w3.org/2001/XMLSchema-instance"
        xsi:noNamespaceSchemaLocation="urn:magento:module:Magento_Cron:etc/crontab.xsd">
    <group id="default">
        <job name="aggregate_carbon_emission_data_daily"
             instance="EcoBahn\CarbonCalculator\Cron\AggregateCarbonEmissionData" method="execute">
            <schedule>0 0 * * *</schedule>
        </job>
        <job name="backdate_carbon_emission_data_once"
             instance="EcoBahn\CarbonCalculator\Cron\BackDateEmissionsData" method="execute">
            <schedule>*/5 * * * *</schedule>
        </job>
    </group>
</config>
