{
    "quote": {
        "column": {
            "carbon_emissions": true,
            "carbon_creds_price": true
        }
    },
    "sales_shipment": {
        "column": {
            "carbon_emissions": true,
            "carbon_creds_price": true,
            "carbon_creds_purchased": true,
            "carbon_creds_supplier": true,
            "carbon_creds_purchase_details": true,
            "carbon_distance": true
        }
    },
    "carbon_creds_aggregated_daily": {
        "column": {
            "id": true,
            "period": true,
            "store_id": true,
            "carbon_emissions_total": true,
            "carbon_emissions_offset": true,
            "carbon_price_total": true,
            "carbon_price_paid": true,
            "carbon_distance_total": true
        },
        "index": {
            "CARBON_CREDS_AGGREGATED_DAILY_STORE_ID": true
        },
        "constraint": {
            "PRIMARY": true,
            "CARBON_CREDS_AGGREGATED_DAILY_STORE_ID_STORE_STORE_ID": true,
            "CARBON_CREDS_AGGREGATED_DAILY_PERIOD_STORE_ID": true
        }
    },
    "carbon_creds_aggregated_monthly": {
        "column": {
            "id": true,
            "period": true,
            "store_id": true,
            "carbon_emissions_total": true,
            "carbon_emissions_offset": true,
            "carbon_price_total": true,
            "carbon_price_paid": true
        },
        "index": {
            "CARBON_CREDS_AGGREGATED_MONTHLY_STORE_ID": true
        },
        "constraint": {
            "PRIMARY": true,
            "CARBON_CREDS_AGGREGATED_MONTHLY_STORE_ID_STORE_STORE_ID": true,
            "CARBON_CREDS_AGGREGATED_MONTHLY_PERIOD_STORE_ID": true
        }
    },
    "carbon_creds_aggregated_yearly": {
        "column": {
            "id": true,
            "period": true,
            "store_id": true,
            "carbon_emissions_total": true,
            "carbon_emissions_offset": true,
            "carbon_price_total": true,
            "carbon_price_paid": true
        },
        "index": {
            "CARBON_CREDS_AGGREGATED_YEARLY_STORE_ID": true
        },
        "constraint": {
            "PRIMARY": true,
            "CARBON_CREDS_AGGREGATED_YEARLY_STORE_ID_STORE_STORE_ID": true,
            "CARBON_CREDS_AGGREGATED_YEARLY_PERIOD_STORE_ID": true
        }
    },
    "ecobahn_airport": {
        "column": {
            "code": true,
            "name": true,
            "country": true,
            "lat": true,
            "lng": true,
            "services_domestic": true,
            "accessible_countries": true
        },
        "constraint": {
            "PRIMARY": true
        }
    },
    "sales_order_address": {
        "column": {
            "lat": true,
            "lng": true
        }
    }
}