<?xml version="1.0"?>
<schema xmlns:xsi="http://www.w3.org/2001/XMLSchema-instance"
        xsi:noNamespaceSchemaLocation="urn:magento:framework:Setup/Declaration/Schema/etc/schema.xsd">
    <!-- for later stage when customer elects to pay -->
    <table name="quote" resource="checkout" engine="innodb" comment="Sales Flat Quote">
        <column xsi:type="decimal" name="carbon_emissions" unsigned="true" nullable="true" scale="3" precision="10" comment="Estimated carbon emissions"/>
        <column xsi:type="decimal" name="carbon_creds_price" unsigned="true" nullable="true" scale="3" precision="10" comment="Price of carbon credits"/>
    </table>

    <!-- for initial implementation -->
    <table name="sales_shipment" resource="sales" engine="innodb">
        <column xsi:type="decimal" name="carbon_emissions" unsigned="true" nullable="true" scale="3" precision="10" comment="Estimated carbon emissions"/>
        <column xsi:type="decimal" name="carbon_distance" unsigned="true" nullable="true" scale="3" precision="8" comment="Total distance transported"/>
        <column xsi:type="decimal" name="carbon_creds_price" unsigned="true" nullable="true" scale="3" precision="10" comment="Price of carbon credits"/>
        <column xsi:type="boolean" name="carbon_creds_purchased" nullable="false" default="false" comment="Carbon credits have been purchased"/>
        <column xsi:type="varchar" name="carbon_creds_supplier" nullable="false" comment="Supplier of carbon credits" length="30"/>
        <column xsi:type="varchar" name="carbon_creds_purchase_details" nullable="false" comment="Details of carbon credit purchase" length="1024"/>
    </table>
    <table name="sales_order_address" resource="sales" engine="innodb">
        <column xsi:type="decimal" name="lat" scale="9" precision="12" nullable="true" comment="Latitude"/>
        <column xsi:type="decimal" name="lng" scale="9" precision="12" nullable="true" comment="Longitude"/>
    </table>

    <!-- reporting based on M2 sales_bestsellers aggregation -->
    <table name="carbon_creds_aggregated_daily" resource="sales" engine="innodb"
           comment="Carbon Credits Aggregated Daily">
        <column xsi:type="int" name="id" padding="10" unsigned="true" nullable="false" identity="true" comment="ID"/>
        <column xsi:type="date" name="period" nullable="false" comment="Period"/>
        <column xsi:type="smallint" name="store_id" padding="5" unsigned="true" nullable="false" identity="false"
                comment="Store ID"/>
        <column xsi:type="varchar" name="shipping_country" length="2" nullable="false"
                comment="Shipping country"/>
        <column xsi:type="decimal" name="carbon_emissions_total" scale="3" precision="12" unsigned="true"
                nullable="false" comment="Estimated carbon emissions"/>
        <column xsi:type="decimal" name="carbon_distance_total" scale="3" precision="12" unsigned="true"
                nullable="false" comment="Total distance travelled"/>
        <column xsi:type="decimal" name="carbon_emissions_offset" scale="3" precision="12" unsigned="true"
                nullable="false" comment="Estimated carbon emissions offset by carbon credit purchases"/>
        <column xsi:type="decimal" name="carbon_price_total" scale="3" precision="12" unsigned="true"
                nullable="false" comment="Price of carbon credits calculated for total emissions"/>
        <column xsi:type="decimal" name="carbon_price_paid" scale="3" precision="12" unsigned="true"
                nullable="false" comment="Price paid to offset carbon emissions"/>
        <constraint xsi:type="primary" referenceId="PRIMARY">
            <column name="id"/>
        </constraint>
        <constraint xsi:type="foreign" referenceId="CARBON_CREDS_AGGREGATED_DAILY_STORE_ID_STORE_STORE_ID"
                    table="carbon_creds_aggregated_daily" column="store_id" referenceTable="store"
                    referenceColumn="store_id" onDelete="CASCADE"/>
        <constraint xsi:type="unique" referenceId="CARBON_CREDS_AGGREGATED_DAILY_PERIOD_STORE_ID">
            <column name="period"/>
            <column name="store_id"/>
            <column name="shipping_country"/>
        </constraint>
        <index indexType="btree" referenceId="CARBON_CREDS_AGGREGATED_DAILY_STORE_ID">
            <column name="store_id"/>
        </index>
    </table>

    <table name="ecobahn_airport">
        <column xsi:type="varchar" name="code" length="4" nullable="false" comment="IATA or ICAO code"/>
        <column xsi:type="varchar" name="name" length="30" nullable="false" comment="Name of airport or city"/>
        <column xsi:type="varchar" name="country" length="2" nullable="false"
                comment="Code of country in which the airport exists"/>
        <column xsi:type="decimal" name="lat" scale="9" precision="12" nullable="false" comment="Latitude"/>
        <column xsi:type="decimal" name="lng" scale="9" precision="12" nullable="false" comment="Longitude"/>
        <column xsi:type="boolean" name="services_domestic" nullable="false" comment="Has domestic flights?"/>
        <column xsi:type="varchar" name="accessible_countries" length="255" nullable="false"
                comment="Is accessible by road (for initial/final transport leg) only from the listed countries"/>
        <constraint xsi:type="primary" referenceId="PRIMARY">
            <column name="code"/>
        </constraint>
    </table>
</schema>
