<?xml version="1.0"?>
<config xmlns:xsi="http://www.w3.org/2001/XMLSchema-instance"
        xsi:noNamespaceSchemaLocation="urn:magento:framework:ObjectManager/etc/config.xsd">
    <preference for="EcoBahn\CarbonCalculator\Api\GeoCodeInterface" type="EcoBahn\CarbonCalculator\Service\Geocode"/>
    <preference for="EcoBahn\CarbonCalculator\Api\Data\GeoCoordinateInterface"
                type="EcoBahn\CarbonCalculator\Model\GeoCoordinate"/>
    <preference for="EcoBahn\CarbonCalculator\Api\Data\CarbonCalculatorResultInterface"
                type="EcoBahn\CarbonCalculator\Model\CarbonCalculatorResult"/>
    <preference for="EcoBahn\CarbonCalculator\Api\DistanceCalculatorInterface"
                type="EcoBahn\CarbonCalculator\Service\GoogleDistance"/>
    <preference for="EcoBahn\CarbonCalculator\Api\CarbonCalculatorInterface"
                type="EcoBahn\CarbonCalculator\Service\AirportCarbonCalculator"/>
    <type name="Magento\Sales\Model\Spi\ShipmentResourceInterface">
        <plugin name="EcoBahn_CarbonCalculator_Order_Shipment_Save" type="EcoBahn\CarbonCalculator\Plugin\ShipmentSavePlugin" sortOrder="10" disabled="false" />
    </type>
    <virtualType name="Virtual\EcoBahn\CarbonCalculator\Logger" type="Magento\Framework\Logger\Monolog">
        <arguments>
            <argument name="name" xsi:type="string">carbon_calculator</argument>
        </arguments>
    </virtualType>
    <type name="EcoBahn\CarbonCalculator\Service\AirportCarbonCalculator">
        <arguments>
            <argument name="logger" xsi:type="object">Virtual\EcoBahn\CarbonCalculator\Logger</argument>
        </arguments>
    </type>
</config>
